source_row,document_identity,qatarenergy_document_no,vendor_document_no,project_document_no,revision,revision_raw,issue_code,review_code,revision_type,revision_rank,revision_band,is_latest_revision,revision_status,match_status,match_method,reason,document_title,discipline,originator,issued_date,workbook_latest_flag,renumbering_note,is_exception,exception_reason
35,4391MTY1840001001,4391-MTY-1-84-0001-001,TN-0998,,0,0,IFC,-,NUMERIC,0,0,False,EXCEPTION,NOT_MATCHED,,AMBIGUOUS_TOP_REVISION,DRAWINGS FOR IRRIGATION TRANSFER PUMP,CIVIL-DWG,TEN,-,,False,True,2 rows share the highest revision '0'; latest is ambiguous
36,MEWTP6130006,MEWTP-6-13-0006,TN-1403,,B,B,AFC,TEN,ALPHABETIC,1,1,False,EXCEPTION,NOT_MATCHED,,AMBIGUOUS_TOP_REVISION,PROCESS DATASHEET FOR NEW EFFLUENT WATER TREATMENT PLANT PACKAGE,PROCESS,TEN,2024-03-25 00:00:00,-,False,True,2 rows share the highest revision 'B'; latest is ambiguous
60,4391WPR0031,4391-WPR-0031,TL-0329,,0,0,IFI,IFI,NUMERIC,0,0,False,EXCEPTION,NOT_MATCHED,,AMBIGUOUS_TOP_REVISION,WEEKLY PROGRESS REPORT-0031 WPR (28-FEB-25 TO 06-MAR-25),WPR,TEB,2025-03-11 00:00:00,,False,True,2 rows share the highest revision '0'; latest is ambiguous
61,4391WPR0032,4391-WPR-0032,TL-0329,,0,0,IFI,IFI,NUMERIC,0,0,False,EXCEPTION,NOT_MATCHED,,AMBIGUOUS_TOP_REVISION,Weekly Progress Report-0032 WPR (07-Mar-25 to 13-Mar-25),WPR,TEB,2025-03-17 00:00:00,,False,True,2 rows share the highest revision '0'; latest is ambiguous
62,4391WPR0033,4391-WPR-0033,TL-0347,,0,0,IFI,IFI,NUMERIC,0,0,False,EXCEPTION,NOT_MATCHED,,AMBIGUOUS_TOP_REVISION,WEEKLY PROGRESS REPORT-0033 WPR (14-MAR-25 TO 20-MAR-25),WPR,TEB,2025-03-17 00:00:00,,False,True,2 rows share the highest revision '0'; latest is ambiguous
63,4391WPR0034,4391-WPR-0034,TL-0357,,0,0,IFI,IFI,NUMERIC,0,0,False,EXCEPTION,NOT_MATCHED,,AMBIGUOUS_TOP_REVISION,WEEKLY PROGRESS REPORT-0034 WPR (21-MAR-25 TO 27-MAR-25),WPR,TEB,2025-04-02 00:00:00,,False,True,2 rows share the highest revision '0'; latest is ambiguous
64,4391WPR0035,4391-WPR-0035,TL-0361,,0,0,IFI,IFI,NUMERIC,0,0,False,EXCEPTION,NOT_MATCHED,,AMBIGUOUS_TOP_REVISION,WEEKLY PROGRESS REPORT-0035 WPR (28-MAR-25 TO 03-APR-25),WPR,TEB,2025-04-07 00:00:00,-,False,True,3 rows share the highest revision '0'; latest is ambiguous
65,4391WPR0036,4391-WPR-0036,TL-0370,,0,0,IFI,IFI,NUMERIC,0,0,False,EXCEPTION,NOT_MATCHED,,AMBIGUOUS_TOP_REVISION,WEEKLY PROGRESS REPORT-0035 WPR (04-APR-25 TO 10-APR-25),WPR,TEB,2025-04-13 00:00:00,-,False,True,3 rows share the highest revision '0'; latest is ambiguous
66,4391WPR0037,4391-WPR-0037,TL-0379,,0,0,IFI,IFI,NUMERIC,0,0,False,EXCEPTION,NOT_MATCHED,,AMBIGUOUS_TOP_REVISION,WEEKLY PROGRESS REPORT-0037 WPR (11-APR-25 TO 17-APR-25),WPR,TEB,2025-04-21 00:00:00,-,False,True,3 rows share the highest revision '0'; latest is ambiguous
67,4391WPR0038,4391-WPR-0038,TL-0392,,0,0,IFI,IFI,NUMERIC,0,0,False,EXCEPTION,NOT_MATCHED,,AMBIGUOUS_TOP_REVISION,WEEKLY PROGRESS REPORT-0038 WPR (18-APR-25 TO 24-APR-25),WPR,TEB,2025-04-27 00:00:00,-,False,True,3 rows share the highest revision '0'; latest is ambiguous
68,4391WPR0039,4391-WPR-0039,TL-0399,,0,0,IFI,IFI,NUMERIC,0,0,False,EXCEPTION,NOT_MATCHED,,AMBIGUOUS_TOP_REVISION,Weekly Progress Report-0039-WPR (25-Apr-25 to 01-May-25),WPR,TEB,2025-05-04 00:00:00,-,False,True,3 rows share the highest revision '0'; latest is ambiguous
69,4391WPR0040,4391-WPR-0040,TL-0406,,0,0,IFI,IFI,NUMERIC,0,0,False,EXCEPTION,NOT_MATCHED,,AMBIGUOUS_TOP_REVISION,Weekly Progress Report-0040 WPR (01-May-25 to 08-May-25),WPR,TEB,2025-05-12 00:00:00,,False,True,3 rows share the highest revision '0'; latest is ambiguous
70,4391WPR0041,4391-WPR-0041,TL-0410,,0,0,IFI,IFI,NUMERIC,0,0,False,EXCEPTION,NOT_MATCHED,,AMBIGUOUS_TOP_REVISION,Weekly Progress Report-0041 WPR (09-May-25 to 15-May-25),WPR,TEB,2025-05-18 00:00:00,,False,True,4 rows share the highest revision '0'; latest is ambiguous
71,4391WPR0041,4391-WPR-0041,TL-0411,,0,0,IFI,IFI,NUMERIC,0,0,False,EXCEPTION,NOT_MATCHED,,AMBIGUOUS_TOP_REVISION,WEEKLY PROGRESS REPORT-0042 WPR (16-MAY-25 TO 22-MAY-25),WPR,TEB,2025-05-25 00:00:00,-,False,True,4 rows share the highest revision '0'; latest is ambiguous
72,4391WPR0042,4391-WPR-0042,TL-0410,,0,0,IFI,IFI,NUMERIC,0,0,False,EXCEPTION,NOT_MATCHED,,AMBIGUOUS_TOP_REVISION,WEEKLY PROGRESS REPORT-0042 WPR (16-MAY-25 TO 22-MAY-25),WPR,TEB,2025-05-25 00:00:00,,False,True,3 rows share the highest revision '0'; latest is ambiguous
73,4391WPR0043,4391-WPR-0043,TL-0416,,0,0,IFI,IFI,NUMERIC,0,0,False,EXCEPTION,NOT_MATCHED,,AMBIGUOUS_TOP_REVISION,WEEKLY PROGRESS REPORT-0043 WPR (23-MAY-25 TO 29-MAY-25),WPR,TEB,2025-06-01 00:00:00,,False,True,3 rows share the highest revision '0'; latest is ambiguous
74,4391WPR0044,4391-WPR-0044,TL-0419,,0,0,IFI,IFI,NUMERIC,0,0,False,EXCEPTION,NOT_MATCHED,,AMBIGUOUS_TOP_REVISION,WEEKLY PROGRESS REPORT-0044 WPR (30-MAY-25 TO 05-JUNE-25),WPR,TEB,2025-06-10 00:00:00,,False,True,3 rows share the highest revision '0'; latest is ambiguous
75,4391WPR0047,4391-WPR-0047,TL-0425,,0,0,IFI,IFI,NUMERIC,0,0,False,EXCEPTION,NOT_MATCHED,,AMBIGUOUS_TOP_REVISION,WEEKLY PROGRESS REPORT-0047 WPR (20-JUN-25 TO 26-JUN-25),WPR,TEB,2025-06-29 00:00:00,,False,True,3 rows share the highest revision '0'; latest is ambiguous
76,4391WPR0048,4391-WPR-0048,TL-0428,,0,0,IFI,IFI,NUMERIC,0,0,False,EXCEPTION,NOT_MATCHED,,AMBIGUOUS_TOP_REVISION,WEEKLY PROGRESS REPORT-0047 WPR (27-JUN-25 TO 03-JUL-25),WPR,TEB,2025-07-07 00:00:00,,False,True,2 rows share the highest revision '0'; latest is ambiguous
86,4391EIR0045,4391-EIR-0045,-,,0,0,IFI,IFI,NUMERIC,0,0,False,EXCEPTION,NOT_MATCHED,,AMBIGUOUS_TOP_REVISION,DATA RETRIEVAL FROM ON GOING PROJECT IN NGL,EIR,MG,2023-02-28 00:00:00,NL,False,True,2 rows share the highest revision '0'; latest is ambiguous
87,4391EIR0045,4391-EIR-0045,-,,0,0,IFI,IFI,NUMERIC,0,0,False,EXCEPTION,NOT_MATCHED,,AMBIGUOUS_TOP_REVISION,DATA RETRIEVAL FROM ON GOING PROJECT IN NGL,EIR,MG,2023-02-28 00:00:00,L,False,True,2 rows share the highest revision '0'; latest is ambiguous
101,4391WPR0005,4391-WPR-0005,EMAIL,,0,0,IFI,IFI,NUMERIC,0,0,False,EXCEPTION,NOT_MATCHED,,AMBIGUOUS_TOP_REVISION,WEEKLY PROGRESS REPORT NO. 005 (UNIDRO),WPR,UNIDRO,2023-09-17 00:00:00,NL,False,True,3 rows share the highest revision '0'; latest is ambiguous
172,4391EIR0094,4391-EIR-0094,TL-0011,,0,0,IFI,IFI,NUMERIC,0,0,False,EXCEPTION,NOT_MATCHED,,AMBIGUOUS_TOP_REVISION,PROCESS RETRIEVAL REQUEST-0002,EIR,TEB,2025-12-08 00:00:00,L,False,True,2 rows share the highest revision '0'; latest is ambiguous
179,4391MPR0001,4391-MPR-0001,TN-0234,,0,0,IFI,IFI,NUMERIC,0,0,False,EXCEPTION,NOT_MATCHED,,AMBIGUOUS_TOP_REVISION,MONTHLY PROGRESS REPORT,MPR-TEN,TEN,2023-01-16 00:00:00,-,False,True,2 rows share the highest revision '0'; latest is ambiguous
180,4391MPR0002,4391-MPR-0002,TN-0297,,0,0,IFI,IFI,NUMERIC,0,0,False,EXCEPTION,NOT_MATCHED,,AMBIGUOUS_TOP_REVISION,MONTHLY PROGRESS REPORT -002 January -2023,MPR-TEN,TEN,2023-02-12 00:00:00,-,False,True,2 rows share the highest revision '0'; latest is ambiguous
181,4391MPR0004,4391-MPR-0004,TN-0459,,0,0,IFI,IFI,NUMERIC,0,0,False,EXCEPTION,NOT_MATCHED,,AMBIGUOUS_TOP_REVISION,MONTHLY PROGRESS REPORT -004 March -2023,MPR-TEN,TEN,2023-04-26 00:00:00,-,False,True,2 rows share the highest revision '0'; latest is ambiguous
182,4391MPR0006,4391-MPR-0006,TN-0617,,0,0,IFI,IFI,NUMERIC,0,0,False,EXCEPTION,NOT_MATCHED,,AMBIGUOUS_TOP_REVISION,MONTHLY PROGRESS REPORT - 006 May-2023,MPR-TEN,TEN,2023-06-19 00:00:00,-,False,True,2 rows share the highest revision '0'; latest is ambiguous
183,4391WPR0039,4391-WPR-0039,TN-0676,,0,0,IFI,IFI,NUMERIC,0,0,False,EXCEPTION,NOT_MATCHED,,AMBIGUOUS_TOP_REVISION,WEEKLY PROGRESS REPORT NO.039,WPR-TEN,TEN,2023-07-24 00:00:00,-,False,True,3 rows share the highest revision '0'; latest is ambiguous
184,4391WPR0035,4391-WPR-0035,TN-0675,,0,0,IFI,IFI,NUMERIC,0,0,False,EXCEPTION,NOT_MATCHED,,AMBIGUOUS_TOP_REVISION,WEEKLY PROGRESS REPORT NO.035,WPR-TEN,TEN,2023-07-23 00:00:00,-,False,True,3 rows share the highest revision '0'; latest is ambiguous
185,4391WPR0036,4391-WPR-0036,TN-0675,,0,0,IFI,IFI,NUMERIC,0,0,False,EXCEPTION,NOT_MATCHED,,AMBIGUOUS_TOP_REVISION,WEEKLY PROGRESS REPORT NO.036,WPR-TEN,TEN,2023-07-23 00:00:00,-,False,True,3 rows share the highest revision '0'; latest is ambiguous
186,4391WPR0037,4391-WPR-0037,TN-0675,,0,0,IFI,IFI,NUMERIC,0,0,False,EXCEPTION,NOT_MATCHED,,AMBIGUOUS_TOP_REVISION,WEEKLY PROGRESS REPORT NO.037,WPR-TEN,TEN,2023-07-23 00:00:00,-,False,True,3 rows share the highest revision '0'; latest is ambiguous
187,4391WPR0038,4391-WPR-0038,TN-0675,,0,0,IFI,IFI,NUMERIC,0,0,False,EXCEPTION,NOT_MATCHED,,AMBIGUOUS_TOP_REVISION,WEEKLY PROGRESS REPORT NO.038,WPR-TEN,TEN,2023-07-23 00:00:00,-,False,True,3 rows share the highest revision '0'; latest is ambiguous
188,4391WPR0046,4391-WPR-0046,TN-0675,,0,0,IFI,IFI,NUMERIC,0,0,False,EXCEPTION,NOT_MATCHED,,AMBIGUOUS_TOP_REVISION,WEEKLY PROGRESS REPORT NO.046,WPR-TEN,TEN,2023-07-23 00:00:00,-,False,True,2 rows share the highest revision '0'; latest is ambiguous
189,4391WPR0047,4391-WPR-0047,TN-0675,,0,0,IFI,IFI,NUMERIC,0,0,False,EXCEPTION,NOT_MATCHED,,AMBIGUOUS_TOP_REVISION,WEEKLY PROGRESS REPORT NO.047,WPR-TEN,TEN,2023-07-23 00:00:00,-,False,True,3 rows share the highest revision '0'; latest is ambiguous
190,4391WPR0043,4391-WPR-0043,TN-0668,,0,0,IFI,IFI,NUMERIC,0,0,False,EXCEPTION,NOT_MATCHED,,AMBIGUOUS_TOP_REVISION,WEEKLY PROGRESS REPORT NO.043,WPR-TEN,TEN,2023-07-17 00:00:00,-,False,True,3 rows share the highest revision '0'; latest is ambiguous
191,4391WPR0040,4391-WPR-0040,TN-0666,,0,0,IFI,IFI,NUMERIC,0,0,False,EXCEPTION,NOT_MATCHED,,AMBIGUOUS_TOP_REVISION,WEEKLY PROGRESS REPORT NO.040,WPR-TEN,TEN,2023-07-15 00:00:00,-,False,True,3 rows share the highest revision '0'; latest is ambiguous
192,4391WPR0041,4391-WPR-0041,TN-0666,,0,0,IFI,IFI,NUMERIC,0,0,False,EXCEPTION,NOT_MATCHED,,AMBIGUOUS_TOP_REVISION,WEEKLY PROGRESS REPORT NO.041,WPR-TEN,TEN,2023-07-15 00:00:00,-,False,True,4 rows share the highest revision '0'; latest is ambiguous
193,4391WPR0042,4391-WPR-0042,TN-0666,,0,0,IFI,IFI,NUMERIC,0,0,False,EXCEPTION,NOT_MATCHED,,AMBIGUOUS_TOP_REVISION,WEEKLY PROGRESS REPORT NO.042,WPR-TEN,TEN,2023-07-15 00:00:00,-,False,True,3 rows share the highest revision '0'; latest is ambiguous
194,4391WPR0044,4391-WPR-0044,TN-0666,,0,0,IFI,IFI,NUMERIC,0,0,False,EXCEPTION,NOT_MATCHED,,AMBIGUOUS_TOP_REVISION,WEEKLY PROGRESS REPORT NO.044,WPR-TEN,TEN,2023-07-15 00:00:00,-,False,True,3 rows share the highest revision '0'; latest is ambiguous
195,4391WPR0045,4391-WPR-0045,TN-0666,,0,0,IFI,IFI,NUMERIC,0,0,False,EXCEPTION,NOT_MATCHED,,AMBIGUOUS_TOP_REVISION,WEEKLY PROGRESS REPORT NO.045,WPR-TEN,TEN,2023-07-15 00:00:00,-,False,True,2 rows share the highest revision '0'; latest is ambiguous
196,4391MPR0007,4391-MPR-0007,TN-0665,,0,0,IFI,IFI,NUMERIC,0,0,False,EXCEPTION,NOT_MATCHED,,AMBIGUOUS_TOP_REVISION,MONTHLY PROGRESS REPORT-007 June-2023,WPR-TEN,TEN,2023-07-16 00:00:00,-,False,True,2 rows share the highest revision '0'; latest is ambiguous
197,4391MPR0008,4391-MPR-0008,TN-0703,,0,0,IFI,IFI,NUMERIC,0,0,False,EXCEPTION,NOT_MATCHED,,AMBIGUOUS_TOP_REVISION,MONTHLY PROGRESS REPORT-008 July-2023,MPR-TEN,TEN,2023-08-08 00:00:00,-,False,True,2 rows share the highest revision '0'; latest is ambiguous
198,4391WPR0029,4391-WPR-0029,TN-0378,,0,0,IFI,IFI,NUMERIC,0,0,False,EXCEPTION,NOT_MATCHED,,AMBIGUOUS_TOP_REVISION,WEEKLY PROGRESS REPORT NO.029,WPR-TEN,TEN,2023-03-21 00:00:00,-,False,True,3 rows share the highest revision '0'; latest is ambiguous
199,4391WPR0028,4391-WPR-0028,TN-0370,,0,0,IFI,IFI,NUMERIC,0,0,False,EXCEPTION,NOT_MATCHED,,AMBIGUOUS_TOP_REVISION,WEEKLY PROGRESS REPORT NO.028,WPR-TEN,TEN,2023-03-15 00:00:00,-,False,True,3 rows share the highest revision '0'; latest is ambiguous
200,4391WPR0024,4391-WPR-0024,TN-0353,,0,0,IFI,IFI,NUMERIC,0,0,False,EXCEPTION,NOT_MATCHED,,AMBIGUOUS_TOP_REVISION,WEEKLY PROGRESS REPORT NO.024,WPR-TEN,TEN,2023-03-07 00:00:00,-,False,True,2 rows share the highest revision '0'; latest is ambiguous
201,4391WPR0025,4391-WPR-0025,TN-0353,,0,0,IFI,IFI,NUMERIC,0,0,False,EXCEPTION,NOT_MATCHED,,AMBIGUOUS_TOP_REVISION,WEEKLY PROGRESS REPORT NO.025,WPR-TEN,TEN,2023-03-07 00:00:00,-,False,True,2 rows share the highest revision '0'; latest is ambiguous
202,4391WPR0026,4391-WPR-0026,TN-0353,,0,0,IFI,IFI,NUMERIC,0,0,False,EXCEPTION,NOT_MATCHED,,AMBIGUOUS_TOP_REVISION,WEEKLY PROGRESS REPORT NO.026,WPR-TEN,TEN,2023-03-07 00:00:00,-,False,True,3 rows share the highest revision '0'; latest is ambiguous
203,4391WPR0027,4391-WPR-0027,TN-0353,,0,0,IFI,IFI,NUMERIC,0,0,False,EXCEPTION,NOT_MATCHED,,AMBIGUOUS_TOP_REVISION,WEEKLY PROGRESS REPORT NO.027,WPR-TEN,TEN,2023-03-07 00:00:00,-,False,True,2 rows share the highest revision '0'; latest is ambiguous
204,4391WPR0023,4391-WPR-0023,TN-0283,,0,0,IFI,IFI,NUMERIC,0,0,False,EXCEPTION,NOT_MATCHED,,AMBIGUOUS_TOP_REVISION,WEEKLY PROGRESS REPORT NO.023 WEEK ENDING 01-FEB-2023,WPR-TEN,TEN,2023-02-05 00:00:00,-,False,True,3 rows share the highest revision '0'; latest is ambiguous
205,4391WPR0022,4391-WPR-0022,TN-0268,,0,0,IFI,IFI,NUMERIC,0,0,False,EXCEPTION,NOT_MATCHED,,AMBIGUOUS_TOP_REVISION,WEEKLY PROGRESS REPORT NO.022 Week Ending: 25-Jan-2023,WPR-TEN,TEN,2023-01-31 00:00:00,-,False,True,3 rows share the highest revision '0'; latest is ambiguous
206,4391WPR0020,4391-WPR-0020,TN-0235,,0,0,IFI,IFI,NUMERIC,0,0,False,EXCEPTION,NOT_MATCHED,,AMBIGUOUS_TOP_REVISION,WEEKLY PROGRESS REPORT NO.020,WPR-TEN,TEN,2023-01-16 00:00:00,-,False,True,3 rows share the highest revision '0'; latest is ambiguous
207,4391WPR0018,4391-WPR-0018,TN-0225,,0,0,IFI,IFI,NUMERIC,0,0,False,EXCEPTION,NOT_MATCHED,,AMBIGUOUS_TOP_REVISION,WEEKLY PROGRESS REPORT NO.018,WPR-TEN,TEN,2023-01-08 00:00:00,-,False,True,3 rows share the highest revision '0'; latest is ambiguous
208,4391WPR0019,4391-WPR-0019,TN-0225,,0,0,IFI,IFI,NUMERIC,0,0,False,EXCEPTION,NOT_MATCHED,,AMBIGUOUS_TOP_REVISION,WEEKLY PROGRESS REPORT NO.019,WPR-TEN,TEN,2023-01-08 00:00:00,-,False,True,3 rows share the highest revision '0'; latest is ambiguous
209,4391WPR0016,4391-WPR-0016,TN-0199,,0,0,IFI,IFI,NUMERIC,0,0,False,EXCEPTION,NOT_MATCHED,,AMBIGUOUS_TOP_REVISION,WEEKLY PROGRESS REPORT NO. 016,WPR-TEN,TEN,2022-12-25 00:00:00,-,False,True,3 rows share the highest revision '0'; latest is ambiguous
210,4391WPR0017,4391-WPR-0017,TN-0199,,0,0,IFI,IFI,NUMERIC,0,0,False,EXCEPTION,NOT_MATCHED,,AMBIGUOUS_TOP_REVISION,WEEKLY PROGRESS REPORT NO. 017,WPR-TEN,TEN,2022-12-25 00:00:00,-,False,True,3 rows share the highest revision '0'; latest is ambiguous
211,4391WPR0012,4391-WPR-0012,TN-0183,,0,0,IFI,IFI,NUMERIC,0,0,False,EXCEPTION,NOT_MATCHED,,AMBIGUOUS_TOP_REVISION,WEEKLY PROGRESS REPORT NO. 012,WPR-TEN,TEN,2022-12-14 00:00:00,-,False,True,2 rows share the highest revision '0'; latest is ambiguous
212,4391WPR0013,4391-WPR-0013,TN-0183,,0,0,IFI,IFI,NUMERIC,0,0,False,EXCEPTION,NOT_MATCHED,,AMBIGUOUS_TOP_REVISION,WEEKLY PROGRESS REPORT NO. 013,WPR-TEN,TEN,2022-12-14 00:00:00,-,False,True,2 rows share the highest revision '0'; latest is ambiguous
213,4391WPR0014,4391-WPR-0014,TN-0183,,0,0,IFI,IFI,NUMERIC,0,0,False,EXCEPTION,NOT_MATCHED,,AMBIGUOUS_TOP_REVISION,WEEKLY PROGRESS REPORT NO. 014,WPR-TEN,TEN,2022-12-14 00:00:00,-,False,True,2 rows share the highest revision '0'; latest is ambiguous
214,4391WPR0015,4391-WPR-0015,TN-0183,,0,0,IFI,IFI,NUMERIC,0,0,False,EXCEPTION,NOT_MATCHED,,AMBIGUOUS_TOP_REVISION,WEEKLY PROGRESS REPORT NO. 015,WPR-TEN,TEN,2022-12-14 00:00:00,-,False,True,2 rows share the highest revision '0'; latest is ambiguous
215,4391WPR0021,4391-WPR-0021,TN-0254,,0,0,IFI,IFI,NUMERIC,0,0,False,EXCEPTION,NOT_MATCHED,,AMBIGUOUS_TOP_REVISION,WEEKLY PROGRESS REPORT NO.021,WPR-TEN,TEN,2023-01-22 00:00:00,-,False,True,3 rows share the highest revision '0'; latest is ambiguous
216,4391WPR0001,4391-WPR-0001,TL-0007 TL-0005,,0,0,IFI,IFI,NUMERIC,0,0,False,EXCEPTION,NOT_MATCHED,,AMBIGUOUS_TOP_REVISION,WEEKLY PROGRESS REPORT-0001 WPR (01-AUG-24 TO 08-AUG-24),WPR,TEB,2024-08-18 00:00:00,-,False,True,2 rows share the highest revision '0'; latest is ambiguous
217,4391WPR0002,4391-WPR-0002,TL-0007 TL-0005,,0,0,IFI,IFI,NUMERIC,0,0,False,EXCEPTION,NOT_MATCHED,,AMBIGUOUS_TOP_REVISION,WEEKLY PROGRESS REPORT-0002 WPR (09-AUG-24 TO 15-AUG-24),WPR,TEB,2024-08-18 00:00:00,-,False,True,2 rows share the highest revision '0'; latest is ambiguous
218,4391WPR0003,4391-WPR-0003,TL-0020,,0,0,IFI,IFI,NUMERIC,0,0,False,EXCEPTION,NOT_MATCHED,,AMBIGUOUS_TOP_REVISION,WEEKLY PROGRESS REPORT-0003,WPR,TEB,2024-08-26 00:00:00,-,False,True,2 rows share the highest revision '0'; latest is ambiguous
219,4391WPR0004,4391-WPR-0004,TL-0031,,0,0,IFI,IFI,NUMERIC,0,0,False,EXCEPTION,NOT_MATCHED,,AMBIGUOUS_TOP_REVISION,WEEKLY PROGRESS REPORT-0004,WPR,TEB,2024-09-03 00:00:00,-,False,True,2 rows share the highest revision '0'; latest is ambiguous
220,4391WPR0005,4391-WPR-0005,TL-0035,,0,0,IFI,IFI,NUMERIC,0,0,False,EXCEPTION,NOT_MATCHED,,AMBIGUOUS_TOP_REVISION,WEEKLY PROGRESS REPORT-0005-WPR (30-AUG-24 TO 05-SEPT-24),WPR-TEB,TEB,2024-09-09 00:00:00,-,False,True,3 rows share the highest revision '0'; latest is ambiguous
221,4391WPR0006,4391-WPR-0006,TL-0044,,0,0,IFI,IFI,NUMERIC,0,0,False,EXCEPTION,NOT_MATCHED,,AMBIGUOUS_TOP_REVISION,WEEKLY PROGRESS REPORT-0006 WPR (06-SEPT-24 TO 12-SEPT-24),WPR-TEB,TEB,2024-09-16 00:00:00,-,False,True,2 rows share the highest revision '0'; latest is ambiguous
222,4391WPR0007,4391-WPR-0007,TL-0058,,0,0,IFI,IFI,NUMERIC,0,0,False,EXCEPTION,NOT_MATCHED,,AMBIGUOUS_TOP_REVISION,WEEKLY PROGRESS REPORT-0007 WPR (13-SEPT-24 TO 19-SEPT-24),WPR,TEB,2024-09-22 00:00:00,-,False,True,2 rows share the highest revision '0'; latest is ambiguous
223,4391WPR0008,4391-WPR-0008,TL-0073,,0,0,IFI,IFI,NUMERIC,0,0,False,EXCEPTION,NOT_MATCHED,,AMBIGUOUS_TOP_REVISION,Weekly Progress Report-0007 WPR (20-Sept-24 to 26-Sept-24),WPR-TEB,TEB,2024-09-29 00:00:00,-,False,True,2 rows share the highest revision '0'; latest is ambiguous
224,4391WPR0009,4391-WPR-0009,TL-0085,,0,0,IFI,IFI,NUMERIC,0,0,False,EXCEPTION,NOT_MATCHED,,AMBIGUOUS_TOP_REVISION,WEEKLY PROGRESS REPORT-0009 WPR (27-SEPT-24 TO 03-OCT-24),WPR-TEB,TEB,2024-10-07 00:00:00,-,False,True,2 rows share the highest revision '0'; latest is ambiguous
225,4391WPR0010,4391-WPR-0010,TL-0091,,0,0,IFI,IFI,NUMERIC,0,0,False,EXCEPTION,NOT_MATCHED,,AMBIGUOUS_TOP_REVISION,WEEKLY PROGRESS REPORT-0010 WPR (04-OCT-24 TO 10-OCT-24),WPR,TEB,2024-10-13 00:00:00,-,False,True,2 rows share the highest revision '0'; latest is ambiguous
226,4391WPR0011,4391-WPR-0011,TL-0100,,0,0,IFI,IFI,NUMERIC,0,0,False,EXCEPTION,NOT_MATCHED,,AMBIGUOUS_TOP_REVISION,Weekly Progress Report-0011 WPR (11-Oct-24 to 17-Oct-24),WPR,TEB,2024-10-13 00:00:00,-,False,True,2 rows share the highest revision '0'; latest is ambiguous
227,4391WPR0016,4391-WPR-0016,TL-0152,,0,0,IFI,IFI,NUMERIC,0,0,False,EXCEPTION,NOT_MATCHED,,AMBIGUOUS_TOP_REVISION,WEEKLY PROGRESS REPORT-0016 WPR (14-NOV-24 TO 21-NOV-24),WPR,TEB,2024-11-25 00:00:00,-,False,True,3 rows share the highest revision '0'; latest is ambiguous
228,4391WPR0017,4391-WPR-0017,TL-0156,,0,0,IFI,IFI,NUMERIC,0,0,False,EXCEPTION,NOT_MATCHED,,AMBIGUOUS_TOP_REVISION,WEEKLY PROGRESS REPORT-0017 WPR (22-NOV-24 TO 28-NOV-24),WPR,TEB,2024-12-02 00:00:00,-,False,True,3 rows share the highest revision '0'; latest is ambiguous
229,4391WPR0018,4391-WPR-0018,TL-0190,,0,0,IFI,IFI,NUMERIC,0,0,False,EXCEPTION,NOT_MATCHED,,AMBIGUOUS_TOP_REVISION,WEEKLY PROGRESS REPORT-0017 WPR (22-NOV-24 TO 28-NOV-24),WPR,TEB,2024-12-11 00:00:00,-,False,True,3 rows share the highest revision '0'; latest is ambiguous
230,4391WPR0019,4391-WPR-0019,TL-0213,,0,0,IFI,IFI,NUMERIC,0,0,False,EXCEPTION,NOT_MATCHED,,AMBIGUOUS_TOP_REVISION,WEEKLY PROGRESS REPORT-0019 WPR (06-DEC-24 TO 12-DEC-24),WPR,TEB,2024-12-16 00:00:00,-,False,True,3 rows share the highest revision '0'; latest is ambiguous
231,4391WPR0020,4391-WPR-0020,TL-0227,,0,0,IFI,IFI,NUMERIC,0,0,False,EXCEPTION,NOT_MATCHED,,AMBIGUOUS_TOP_REVISION,WEEKLY PROGRESS REPORT-0020 WPR (12-DEC-24 TO 19-DEC-24),WPR,TEB,2024-12-23 00:00:00,-,False,True,3 rows share the highest revision '0'; latest is ambiguous
232,4391WPR0021,4391-WPR-0021,TL-0237,,0,0,IFI,IFI,NUMERIC,0,0,False,EXCEPTION,NOT_MATCHED,,AMBIGUOUS_TOP_REVISION,WEEKLY PROGRESS REPORT-0021 WPR (20-DEC-24 TO 26-DEC-24),WPR,TEB,2024-12-30 00:00:00,-,False,True,3 rows share the highest revision '0'; latest is ambiguous
233,4391WPR0022,4391-WPR-0022,TL-0247,,0,0,IFI,IFI,NUMERIC,0,0,False,EXCEPTION,NOT_MATCHED,,AMBIGUOUS_TOP_REVISION,WEEKLY PROGRESS REPORT-0022 WPR (27-DEC-24 TO 02-JAN-25),WPR,TEB,2025-01-06 00:00:00,-,False,True,3 rows share the highest revision '0'; latest is ambiguous
234,4391WPR0023,4391-WPR-0023,TL-0264,,0,0,IFI,IFI,NUMERIC,0,0,False,EXCEPTION,NOT_MATCHED,,AMBIGUOUS_TOP_REVISION,WEEKLY PROGRESS REPORT-0022 WPR (02-DEC-24 TO 09-JAN-25),WPR,TEB,2025-01-12 00:00:00,-,False,True,3 rows share the highest revision '0'; latest is ambiguous
235,4391WPR0026,4391-WPR-0026,TL-0264,,0,0,IFI,IFI,NUMERIC,0,0,False,EXCEPTION,NOT_MATCHED,,AMBIGUOUS_TOP_REVISION,WEEKLY PROGRESS REPORT-0026 WPR (24-JAN-25 TO 30-JAN-25),WPR,TEB,2025-02-04 00:00:00,-,False,True,3 rows share the highest revision '0'; latest is ambiguous
236,4391WPR0028,4391-WPR-0028,TL-0309,,0,0,IFI,IFI,NUMERIC,0,0,False,EXCEPTION,NOT_MATCHED,,AMBIGUOUS_TOP_REVISION,Weekly Progress Report-0028 WPR (7-Feb-25 to 13-Feb-25),WPR,TEB,2025-02-18 00:00:00,-,False,True,3 rows share the highest revision '0'; latest is ambiguous
237,4391WPR0029,4391-WPR-0029,TL-0312,,0,0,IFI,IFI,NUMERIC,0,0,False,EXCEPTION,NOT_MATCHED,,AMBIGUOUS_TOP_REVISION,WEEKLY PROGRESS REPORT-0029 WPR (14-FEB-25 TO 20-FEB-25),WPR,TEB,2025-02-18 00:00:00,-,False,True,3 rows share the highest revision '0'; latest is ambiguous
239,43910CV00XX,4391-0-CV-00xx,-,,0,0,IFC,MG,NUMERIC,0,0,False,EXCEPTION,NOT_MATCHED,,AMBIGUOUS_TOP_REVISION,CV OF KANDASAMY PERUMALSAMY - COMMISSIONING MANAGER,CV,MG,2023-06-18 00:00:00,,False,True,2 rows share the highest revision '0'; latest is ambiguous
242,VENMEWTP1120013,VEN-MEWTP-1-12-0013,ASMA-TN-0082A,,,0.1,IFC,IFI,UNPARSEABLE,0,-1,False,EXCEPTION,NOT_MATCHED,,REV_UNRECOGNISED_FORMAT,DESIGN CALCULATION OF DAF PLATFORM A & B,CIVIL,ASMA,2025-11-03 00:00:00,,False,True,revision '0.1' could not be parsed (REV_UNRECOGNISED_FORMAT)
286,4391MTY3040002,4391-MTY-3-04-0002,TL-0077,,5,5,RE-IFA,TEB,NUMERIC,5,0,False,EXCEPTION,NOT_MATCHED,,AMBIGUOUS_TOP_REVISION,HSE PLAN (HEALTH SAFETY AND ENVIRONMENTAL),HSE,TEB/MG,2025-05-04 00:00:00,,False,True,2 rows share the highest revision '5'; latest is ambiguous
287,4391EIR0094,4391-EIR-0094,TL-0086,,0,0,IFC,TEB,NUMERIC,0,0,False,EXCEPTION,NOT_MATCHED,,AMBIGUOUS_TOP_REVISION,"HEALTH, SAFETY, & ENVIRONMENT DATA RETRIEVAL REQUEST-0001",EIR,TEB,2024-10-17 00:00:00,,False,True,2 rows share the highest revision '0'; latest is ambiguous
291,43911TQ0002,4391-1-TQ-0002,TN-1092,,0,0,IFC,TEN,NUMERIC,0,0,False,EXCEPTION,NOT_MATCHED,,AMBIGUOUS_TOP_REVISION,TECHNICAL QUERY QNG COORDINATES FOR EXISTING DUCT BANKS,CIVIL,TEN,2023-12-25 00:00:00,,False,True,2 rows share the highest revision '0'; latest is ambiguous
293,4391MTY1840001001,4391-MTY-1-84-0001-001,TN-1033,,0,0,IFC,TEN,NUMERIC,0,0,False,EXCEPTION,NOT_MATCHED,,AMBIGUOUS_TOP_REVISION,DRAWINGS FOR IRRIGATION TRANSFER PUMP,CIVIL,TEN,2023-12-10 00:00:00,,False,True,2 rows share the highest revision '0'; latest is ambiguous
304,4391EFF20006001,4391-EFF-20006-001,TN-1044,,0,0,IFC,TEN,NUMERIC,0,0,False,EXCEPTION,NOT_MATCHED,,AMBIGUOUS_TOP_REVISION,"ISOMETRIC LINE NO. 3""-EFF-20006-37011X",ISOMETRIC,TEN,2024-01-05 00:00:00,,False,True,2 rows share the highest revision '0'; latest is ambiguous
314,ISOINDEXSYS001,ISO-Index Sys-001,-,,,-,IFI,IFI,UNPARSEABLE,0,-1,False,EXCEPTION,NOT_MATCHED,,REV_EMPTY,ISOMETRIC DRAWINGS OF NGL 1 & 2 (Composite Pipe Industries),ISOMETRIC,TEN,2024-01-15 00:00:00,-,False,True,revision '-' could not be parsed (REV_EMPTY)
327,MASTER05032024,MASTER-05-03-2024,-,,,-,IFI,IFI,UNPARSEABLE,0,-1,False,EXCEPTION,NOT_MATCHED,,REV_EMPTY,INPUT FOR ISOMETRICS: P&ID,ISOMETRIC,TEN,2024-03-11 00:00:00,L,False,True,revision '-' could not be parsed (REV_EMPTY)
341,ISOINDEXSYS001,ISO-Index Sys-001,-,,,-,IFI,IFI,UNPARSEABLE,0,-1,False,EXCEPTION,NOT_MATCHED,,REV_EMPTY,ISOMETRIC DRAWINGS OF NGL 1 & 2 (Composite Pipe Industries),ISOMETRIC,TEN,2024-05-30 00:00:00,L,False,True,revision '-' could not be parsed (REV_EMPTY)
342,ISONGL34,ISO-NGL-3 & 4,-,,,-,IFI,IFI,UNPARSEABLE,0,-1,False,EXCEPTION,NOT_MATCHED,,REV_EMPTY,GRE ISOMETRIC DRAWINGS+NGL 3 & 4 (43+2 NOS),ISOMETRIC,TEN,2024-05-30 00:00:00,L,False,True,revision '-' could not be parsed (REV_EMPTY)
343,NGL34ISO,NGL3-4-ISO,-,,,-,IFI,IFI,UNPARSEABLE,0,-1,False,EXCEPTION,NOT_MATCHED,,REV_EMPTY,ISOMETRIC DRAWINGS OF NGL 3 & 4,ISOMETRIC,TEN,2024-05-30 00:00:00,L,False,True,revision '-' could not be parsed (REV_EMPTY)
348,ISO,ISO,EMAIL: HIMANSHU,,,-,IFI,IFI,UNPARSEABLE,0,-1,False,EXCEPTION,NOT_MATCHED,,REV_EMPTY,FIRE WATER RLMU ISOMETRICS,ISOMETRIC,TEN,2025-01-21 00:00:00,-,False,True,revision '-' could not be parsed (REV_EMPTY)
351,3DMODELINPUTS18011X,3D MODEL-INPUTS-18011X,-,,,-,IFI,IFI,UNPARSEABLE,0,-1,False,EXCEPTION,NOT_MATCHED,,REV_EMPTY,PNM_GC21107300_EXT_TN_02293 REF_DOC-3DMODELINPUTS-18011X,-,MG,2023-11-06 00:00:00,L,False,True,revision '-' could not be parsed (REV_EMPTY)
353,4391WPR0075,4391-WPR-0075,TL-0498,,0,0,IFI,IFI,NUMERIC,0,0,False,EXCEPTION,NOT_MATCHED,,AMBIGUOUS_TOP_REVISION,WEEKLY PROGRESS REPORT-0075 WPR (01 TO 08 JAN 26),WPR,TEB,2026-01-11 00:00:00,-,False,True,2 rows share the highest revision '0'; latest is ambiguous
361,ES5080100001,ES-5-08-0100-001,PARESH EMAIL,,,-,IFI,"CPI,UNI, DAN,SUL",UNPARSEABLE,0,-1,False,EXCEPTION,NOT_MATCHED,,REV_EMPTY,Presentation QP-ENG-STD-018_Development of Technical Drawings,GEN,MG,2023-10-31 00:00:00,,False,True,revision '-' could not be parsed (REV_EMPTY)
363,ES5080100001,ES-5-08-0100-001,PARESH EMAIL,,,-,IFI,"CPI,UNI, DAN,SUL",UNPARSEABLE,0,-1,False,EXCEPTION,NOT_MATCHED,,REV_EMPTY,ES-5-08-0100-001-F Template Drawing Sheet-A2 Isometric.dwt,GEN,MG,2023-10-31 00:00:00,,False,True,revision '-' could not be parsed (REV_EMPTY)
366,4391WPR0056,4391-WPR-0056,TL-0451,,0,0,IFI,IFI,NUMERIC,0,0,False,EXCEPTION,NOT_MATCHED,,AMBIGUOUS_TOP_REVISION,WEEKLY PROGRESS REPORT-0056 WPR (22-AUG-25 TO 28-AUG-25),WPR,TEB,2025-08-31 00:00:00,-,False,True,2 rows share the highest revision '0'; latest is ambiguous
367,4391WPR0057,4391-WPR-0057,TL-0454,,0,0,IFI,IFI,NUMERIC,0,0,False,EXCEPTION,NOT_MATCHED,,AMBIGUOUS_TOP_REVISION,WEEKLY PROGRESS REPORT-0057 WPR (29-AUG-25 TO 04-SEP-25),WPR,TEB,2025-09-07 00:00:00,-,False,True,2 rows share the highest revision '0'; latest is ambiguous
368,4391WPR0058,4391-WPR-0058,TL-0454,,0,0,IFI,IFI,NUMERIC,0,0,False,EXCEPTION,NOT_MATCHED,,AMBIGUOUS_TOP_REVISION,WEEKLY PROGRESS REPORT-0058 WPR (05-SEP-25 TO 11-SEP-25),WPR,TEB,2025-09-14 00:00:00,-,False,True,2 rows share the highest revision '0'; latest is ambiguous
369,4391WPR0059,4391-WPR-0059,TL-0460,,0,0,IFI,IFI,NUMERIC,0,0,False,EXCEPTION,NOT_MATCHED,,AMBIGUOUS_TOP_REVISION,WEEKLY PROGRESS REPORT-0059 WPR (12-SEP-25 TO 18-SEP-25),WPR,TEB,2025-09-23 00:00:00,-,False,True,2 rows share the highest revision '0'; latest is ambiguous
370,4391WPR0060,4391-WPR-0060,TL-0464,,0,0,IFI,IFI,NUMERIC,0,0,False,EXCEPTION,NOT_MATCHED,,AMBIGUOUS_TOP_REVISION,WEEKLY PROGRESS REPORT-0060 WPR (19-SEP-25 TO 25-SEP-25),WPR,TEB,2025-09-28 00:00:00,-,False,True,2 rows share the highest revision '0'; latest is ambiguous
371,4391WPR0061,4391-WPR-0061,TL-0465,,0,0,IFI,IFI,NUMERIC,0,0,False,EXCEPTION,NOT_MATCHED,,AMBIGUOUS_TOP_REVISION,WEEKLY PROGRESS REPORT-0061 WPR (25-SEP-25 TO 02-OCT-25),WPR,TEB,2025-09-28 00:00:00,-,False,True,2 rows share the highest revision '0'; latest is ambiguous
372,4391WPR0062,4391-WPR-0062,TL-0468,,0,0,IFI,IFI,NUMERIC,0,0,False,EXCEPTION,NOT_MATCHED,,AMBIGUOUS_TOP_REVISION,WEEKLY PROGRESS REPORT-0062 WPR (02-OCT-25 TO 09-OCT-25),WPR,TEB,2025-10-12 00:00:00,-,False,True,2 rows share the highest revision '0'; latest is ambiguous
373,4391WPR0063,4391-WPR-0063,TL-0470,,0,0,IFI,IFI,NUMERIC,0,0,False,EXCEPTION,NOT_MATCHED,,AMBIGUOUS_TOP_REVISION,WEEKLY PROGRESS REPORT-0063 WPR (10-OCT-25 TO 16-OCT-25),WPR,TEB,2025-10-19 00:00:00,-,False,True,2 rows share the highest revision '0'; latest is ambiguous
374,4391WPR0064,4391-WPR-0064,TL-0473,,0,0,IFI,IFI,NUMERIC,0,0,False,EXCEPTION,NOT_MATCHED,,AMBIGUOUS_TOP_REVISION,WEEKLY PROGRESS REPORT-0064 WPR (17 TO 23 OCT 25),WPR,TEB,2025-10-26 00:00:00,-,False,True,3 rows share the highest revision '0'; latest is ambiguous
375,4391WPR0064,4391-WPR-0064,TL-0480,,0,0,IFI,IFI,NUMERIC,0,0,False,EXCEPTION,NOT_MATCHED,,AMBIGUOUS_TOP_REVISION,Weekly Progress Report-0065 WPR (26 to 30 Oct 25),WPR,TEB,2025-11-02 00:00:00,-,False,True,3 rows share the highest revision '0'; latest is ambiguous
379,4391WPR0066,4391-WPR-0066,TL-0481,,0,0,IFI,IFI,NUMERIC,0,0,False,EXCEPTION,NOT_MATCHED,,AMBIGUOUS_TOP_REVISION,Weekly Progress Report-0066 WPR (31 OCT to 6 NOV 25),WPR,TEB,2025-11-09 00:00:00,-,False,True,2 rows share the highest revision '0'; latest is ambiguous
380,4391WPR0067,4391-WPR-0067,TL-0483,,0,0,IFI,IFI,NUMERIC,0,0,False,EXCEPTION,NOT_MATCHED,,AMBIGUOUS_TOP_REVISION,Weekly Progress Report-0067 WPR (07 to 13 NOV 25),WPR,TEB,2025-11-09 00:00:00,-,False,True,3 rows share the highest revision '0'; latest is ambiguous
381,4391WPR0067,4391-WPR-0067,TL-0485,,0,0,IFI,IFI,NUMERIC,0,0,False,EXCEPTION,NOT_MATCHED,,AMBIGUOUS_TOP_REVISION,Weekly Progress Report-0068 WPR (14 to 20 NOV 25),WPR,TEB,2025-11-23 00:00:00,-,False,True,3 rows share the highest revision '0'; latest is ambiguous
382,4391WPR0069,4391-WPR-0069,TL-0488,,0,0,IFI,IFI,NUMERIC,0,0,False,EXCEPTION,NOT_MATCHED,,AMBIGUOUS_TOP_REVISION,Weekly Progress Report-0069 WPR (21 to 27 NOV 25),WPR,TEB,2025-12-01 00:00:00,-,False,True,3 rows share the highest revision '0'; latest is ambiguous
383,4391WPR0069,4391-WPR-0069,TL-0491,,0,0,IFI,IFI,NUMERIC,0,0,False,EXCEPTION,NOT_MATCHED,,AMBIGUOUS_TOP_REVISION,Weekly Progress Report-0070 WPR (28 NOV to 04 DEC 25),WPR,TEB,2025-12-07 00:00:00,-,False,True,3 rows share the highest revision '0'; latest is ambiguous
384,4391WPR0071,4391-WPR-0071,TL-0492,,0,0,IFI,IFI,NUMERIC,0,0,False,EXCEPTION,NOT_MATCHED,,AMBIGUOUS_TOP_REVISION,WEEKLY PROGRESS REPORT-0071 WPR (05 TO 11 DEC 25),WPR,TEB,2025-12-14 00:00:00,-,False,True,2 rows share the highest revision '0'; latest is ambiguous
385,4391WPR0072,4391-WPR-0072,TL-0493,,0,0,IFI,IFI,NUMERIC,0,0,False,EXCEPTION,NOT_MATCHED,,AMBIGUOUS_TOP_REVISION,WEEKLY PROGRESS REPORT-0072 WPR (05 TO 18 DEC 25),WPR,TEB,2025-12-21 00:00:00,-,False,True,2 rows share the highest revision '0'; latest is ambiguous
386,4391WPR0050,4391-WPR-0050,TL-0431,,0,0,IFI,IFI,NUMERIC,0,0,False,EXCEPTION,NOT_MATCHED,,AMBIGUOUS_TOP_REVISION,WEEKLY PROGRESS REPORT-0050 WPR (11-JUL-25 TO 17-JUL-25),WPR,TEB,2025-07-20 00:00:00,-,False,True,2 rows share the highest revision '0'; latest is ambiguous
387,4391WPR0051,4391-WPR-0051,TL-0436,,0,0,IFI,IFI,NUMERIC,0,0,False,EXCEPTION,NOT_MATCHED,,AMBIGUOUS_TOP_REVISION,WEEKLY PROGRESS REPORT-0051 WPR (18-JUL-25 TO 24-JUL-25),WPR,TEB,2025-07-28 00:00:00,-,False,True,3 rows share the highest revision '0'; latest is ambiguous
388,4391WPR0051,4391-WPR-0051,TL-0444,,0,0,IFI,IFI,NUMERIC,0,0,False,EXCEPTION,NOT_MATCHED,,AMBIGUOUS_TOP_REVISION,WEEKLY PROGRESS REPORT-0052 WPR (25-JUL-25 TO 31-JUL-25),WPR,TEB,2025-08-06 00:00:00,-,False,True,3 rows share the highest revision '0'; latest is ambiguous
389,4391WPR0053,4391-WPR-0053,TL-0445,,0,0,IFI,IFI,NUMERIC,0,0,False,EXCEPTION,NOT_MATCHED,,AMBIGUOUS_TOP_REVISION,WEEKLY PROGRESS REPORT-0053 WPR (01-JUL-25 TO 07-AUG-25),WPR,TEB,2025-08-12 00:00:00,-,False,True,2 rows share the highest revision '0'; latest is ambiguous
390,4391WPR0055,4391-WPR-0055,TL-0449,,0,0,IFI,IFI,NUMERIC,0,0,False,EXCEPTION,NOT_MATCHED,,AMBIGUOUS_TOP_REVISION,WEEKLY PROGRESS REPORT-0055 WPR (15-AUG-25 TO 21-AUG-25),WPR,TEB,2025-08-24 00:00:00,-,False,True,2 rows share the highest revision '0'; latest is ambiguous
391,4391WPR0077,4391-WPR-0077,TL-0505,,0,0,IFI,IFI,NUMERIC,0,0,False,EXCEPTION,NOT_MATCHED,,AMBIGUOUS_TOP_REVISION,WEEKLY PROGRESS REPORT-0077 WPR (16 JAN 26 TO 22 JAN 26),WPR,TEB,2026-01-11 00:00:00,-,False,True,2 rows share the highest revision '0'; latest is ambiguous
392,4391WPR0078,4391-WPR-0078,TL-0505,,0,0,IFI,IFI,NUMERIC,0,0,False,EXCEPTION,NOT_MATCHED,,AMBIGUOUS_TOP_REVISION,WEEKLY PROGRESS REPORT-0078 WPR (23 JAN 26 TO 29 JAN 26),WPR,TEB,2026-01-31 00:00:00,-,False,True,2 rows share the highest revision '0'; latest is ambiguous
393,4391WPR0079,4391-WPR-0079,TL-0505,,0,0,IFI,IFI,NUMERIC,0,0,False,EXCEPTION,NOT_MATCHED,,AMBIGUOUS_TOP_REVISION,WEEKLY PROGRESS REPORT - 0079 WPR (30 JAN 2026 TO 05 FEB 2026),WPR,TEB,2026-02-08 00:00:00,-,False,True,2 rows share the highest revision '0'; latest is ambiguous
394,4391WPR0080,4391-WPR-0080,TL-0505,,0,0,IFI,IFI,NUMERIC,0,0,False,EXCEPTION,NOT_MATCHED,,AMBIGUOUS_TOP_REVISION,WEEKLY PROGRESS REPORT-0080 WPR (06 FEB 26 TO 12 FEB 26),WPR,TEB,2026-02-14 00:00:00,-,False,True,3 rows share the highest revision '0'; latest is ambiguous
395,4391WPR0080,4391-WPR-0080,TL-0516,,0,0,IFI,IFI,NUMERIC,0,0,False,EXCEPTION,NOT_MATCHED,,AMBIGUOUS_TOP_REVISION,WEEKLY PROGRESS REPORT-0081 WPR (13 FEB 26 TO 19 FEB 26),WPR,TEB,2026-02-21 00:00:00,-,False,True,3 rows share the highest revision '0'; latest is ambiguous
396,4391WPR0082,4391-WPR-0082,TL-0518,,0,0,IFI,IFI,NUMERIC,0,0,False,EXCEPTION,NOT_MATCHED,,AMBIGUOUS_TOP_REVISION,WEEKLY PROGRESS REPORT-0082 WPR (20 FEB 26 TO 26 FEB 26),WPR,TEB,2026-03-07 00:00:00,-,False,True,2 rows share the highest revision '0'; latest is ambiguous
397,4391WPR0083,4391-WPR-0083,TL-0521,,0,0,IFI,IFI,NUMERIC,0,0,False,EXCEPTION,NOT_MATCHED,,AMBIGUOUS_TOP_REVISION,WEEKLY PROGRESS REPORT-0083 WPR (27 FEB 26 TO 05 MAR 26),WPR,TEB,2026-03-07 00:00:00,-,False,True,2 rows share the highest revision '0'; latest is ambiguous
405,GREISONGL34,GRE ISO - NGL 3 & 4,CPI-TN-0020,,,-,IFI,TEN,UNPARSEABLE,0,-1,False,EXCEPTION,NOT_MATCHED,,REV_EMPTY,GRE ISOMETRIC DRAWINGS - NGL 3 & 4,MECH,CPI,2024-02-14 00:00:00,,False,True,revision '-' could not be parsed (REV_EMPTY)
406,GREISONGL12,GRE ISO - NGL 1 & 2,CPI-TN-0021,,,-,IFI,TEN,UNPARSEABLE,0,-1,False,EXCEPTION,NOT_MATCHED,,REV_EMPTY,GRE Isometric Drawings – NGL 1& 2 (20 nos)_,MECH,CPI,2024-02-24 00:00:00,,False,True,revision '-' could not be parsed (REV_EMPTY)
409,ISO,ISO,TN-0031,,,-,IFI,TEN,UNPARSEABLE,0,-1,False,EXCEPTION,NOT_MATCHED,,REV_EMPTY,GRE Isometric Drawings - NGL 1 & 2(60 nos),ISOMETRIC,CPI,2024-03-30 00:00:00,,False,True,revision '-' could not be parsed (REV_EMPTY)
410,ISO,ISO,CPI-TN-0032,,,-,IFI,TEN,UNPARSEABLE,0,-1,False,EXCEPTION,NOT_MATCHED,,REV_EMPTY,GRE ISOMETRIC DRAWINGS - NGL 1 & 2(78 NOS),ISOMETRIC,CPI,2024-04-02 00:00:00,,False,True,revision '-' could not be parsed (REV_EMPTY)
411,ISO,ISO,CPI-TN-0036,,,-,IFI,TEN,UNPARSEABLE,0,-1,False,EXCEPTION,NOT_MATCHED,,REV_EMPTY,GRE ISOMETRIC DRAWINGS - NGL 1 & 2(78 NOS),ISOMETRIC,CPI,2024-05-08 00:00:00,,False,True,revision '-' could not be parsed (REV_EMPTY)
412,ISO,ISO,CPI-TN-0037,,,-,IFI,TEN,UNPARSEABLE,0,-1,False,EXCEPTION,NOT_MATCHED,,REV_EMPTY,GRE ISOMETRIC DRAWINGS - NGL 3 & 4(36 NOS),ISOMETRIC,CPI,2024-05-08 00:00:00,,False,True,revision '-' could not be parsed (REV_EMPTY)
413,ISO,ISO,CPI-TN-0038,,,-,IFI,TEN,UNPARSEABLE,0,-1,False,EXCEPTION,NOT_MATCHED,,REV_EMPTY,GRE ISOMETRIC DRAWINGS - NGL 3 & 4(19 NOS),ISOMETRIC,CPI,2024-05-11 00:00:00,,False,True,revision '-' could not be parsed (REV_EMPTY)
414,ISO,ISO,CPI-TN-0039,,,-,IFI,TEN,UNPARSEABLE,0,-1,False,EXCEPTION,NOT_MATCHED,,REV_EMPTY,GRE ISOMETRIC DRAWINGS - NGL 3 & 4 (43+2 NOS),ISOMETRIC,CPI,2024-05-13 00:00:00,,False,True,revision '-' could not be parsed (REV_EMPTY)
415,ISO,ISO,CPI-TN-0040,,,-,IFI,TEN,UNPARSEABLE,0,-1,False,EXCEPTION,NOT_MATCHED,,REV_EMPTY,GRE ISOMETRIC DRAWINGS - NGL 3 & 4 (18 NOS),ISOMETRIC,CPI,2024-05-13 00:00:00,,False,True,revision '-' could not be parsed (REV_EMPTY)
416,ISO,ISO,CPI-TN-0041,,,-,IFI,TEN,UNPARSEABLE,0,-1,False,EXCEPTION,NOT_MATCHED,,REV_EMPTY,GRE ISOMETRIC DRAWINGS - NGL 3 & 4 (20 NOS),ISOMETRIC,CPI,2024-05-15 00:00:00,,False,True,revision '-' could not be parsed (REV_EMPTY)
417,ISO,ISO,CPI-TN-0042,,,-,IFI,TEN,UNPARSEABLE,0,-1,False,EXCEPTION,NOT_MATCHED,,REV_EMPTY,GRE ISOMETRIC DRAWINGS - NGL 3 & 4 (4 NOS),ISOMETRIC,CPI,2024-05-15 00:00:00,,False,True,revision '-' could not be parsed (REV_EMPTY)
421,ISO,ISO,CPI-TN-0052,,,-,IFI,TEN,UNPARSEABLE,0,-1,False,EXCEPTION,NOT_MATCHED,,REV_EMPTY,GRVE ISOMETRICS DRAWINGS - FIRE WATER SYSTEM,MECH,CPI,2024-07-29 00:00:00,,False,True,revision '-' could not be parsed (REV_EMPTY)
423,GREISOMETRICDRAWINGSNGL12,GRE ISOMETRIC DRAWINGS - NGL 1 & 2,CPI-TN-0058,,,-,IFI,TEN,UNPARSEABLE,0,-1,False,EXCEPTION,NOT_MATCHED,,REV_EMPTY,GRE ISOMETRIC DRAWINGS - NGL 1 & 2,MECH,CPI,2024-08-29 00:00:00,,False,True,revision '-' could not be parsed (REV_EMPTY)
424,GRVEISO,GRVE-ISO,CPI-TN-0059,,,-,IFI,TEN,UNPARSEABLE,0,-1,False,EXCEPTION,NOT_MATCHED,,REV_EMPTY,GRVE ISOMETRICS DRAWINGS - FIRE WATER SYSTEM,MECH,CPI,2024-08-31 00:00:00,,False,True,revision '-' could not be parsed (REV_EMPTY)
425,ISOA1B1C1,"ISO A1,B1&C1",CPI-TN-0060,,,-,IFI,TEN,UNPARSEABLE,0,-1,False,EXCEPTION,NOT_MATCHED,,REV_EMPTY,GRVE ISOMETRICS DRAWINGS - TREATED WATER NETWORK,MECH,CPI,2024-09-10 00:00:00,,False,True,revision '-' could not be parsed (REV_EMPTY)
534,4391WPR0001,4391-WPR-0001,-,,0,0,IFI,IFI,NUMERIC,0,0,False,EXCEPTION,NOT_MATCHED,,AMBIGUOUS_TOP_REVISION,WEEKLY PROGRESS REPORT NO.001 (12-AUG-2022 TO 18-AUG-2022),WPR,MG,2022-09-05 00:00:00,L,False,True,2 rows share the highest revision '0'; latest is ambiguous
535,4391WPR0002,4391-WPR-0002,-,,0,0,IFI,IFI,NUMERIC,0,0,False,EXCEPTION,NOT_MATCHED,,AMBIGUOUS_TOP_REVISION,WEEKLY PROGRESS REPORT NO.002 (19-AUG-2022 TO 25-AUG-2022),WPR,MG,2022-09-05 00:00:00,L,False,True,2 rows share the highest revision '0'; latest is ambiguous
536,4391WPR0003,4391-WPR-0003,-,,0,0,IFI,IFI,NUMERIC,0,0,False,EXCEPTION,NOT_MATCHED,,AMBIGUOUS_TOP_REVISION,WEEKLY PROGRESS REPORT NO.003 (26-AUG-2022 TO 01-SEP-2022),WPR,MG,2022-09-05 00:00:00,L,False,True,2 rows share the highest revision '0'; latest is ambiguous
549,4391WPR0004,4391-WPR-0004,-,,0,0,IFI,IFI,NUMERIC,0,0,False,EXCEPTION,NOT_MATCHED,,AMBIGUOUS_TOP_REVISION,WEEKLY PROGRESS REPORT NO.004 (02-SEP-2022 TO 08-SEP-2022),WPR,MG,2022-09-11 00:00:00,L,False,True,2 rows share the highest revision '0'; latest is ambiguous
562,4391WPR0005,4391-WPR-0005,-,,0,0,IFI,IFI,NUMERIC,0,0,False,EXCEPTION,NOT_MATCHED,,AMBIGUOUS_TOP_REVISION,WEEKLY PROGRESS REPORT NO.005 (09-SEP-2022 TO 15-SEP-2022),WPR,MG,2022-09-19 00:00:00,L,False,True,3 rows share the highest revision '0'; latest is ambiguous
573,4391WPR0006,4391-WPR-0006,-,,0,0,IFI,IFI,NUMERIC,0,0,False,EXCEPTION,NOT_MATCHED,,AMBIGUOUS_TOP_REVISION,WEEKLY PROGRESS REPORT NO.006 (16-SEP-2022 TO 22-SEP-2022),WPR,MG,2022-09-26 00:00:00,L,False,True,2 rows share the highest revision '0'; latest is ambiguous
589,4391WPR0007,4391-WPR-0007,-,,0,0,IFI,IFI,NUMERIC,0,0,False,EXCEPTION,NOT_MATCHED,,AMBIGUOUS_TOP_REVISION,WEEKLY PROGRESS REPORT NO.007 (23-SEP-2022 TO 29-SEP-2022),WPR,MG,2022-10-03 00:00:00,L,False,True,2 rows share the highest revision '0'; latest is ambiguous
616,4391WPR0008,4391-WPR-0008,-,,0,0,IFI,IFI,NUMERIC,0,0,False,EXCEPTION,NOT_MATCHED,,AMBIGUOUS_TOP_REVISION,WEEKLY PROGRESS REPORT NO.008 (30-SEP-2022 TO 06-OCT-2022),WPR,MG,2022-10-09 00:00:00,L,False,True,2 rows share the highest revision '0'; latest is ambiguous
637,4391WPR0009,4391-WPR-0009,-,,0,0,IFI,IFI,NUMERIC,0,0,False,EXCEPTION,NOT_MATCHED,,AMBIGUOUS_TOP_REVISION,WEEKLY PROGRESS REPORT NO.009 (07-OCT-2022 TO 13-OCT-2022),WPR,MG,2022-10-17 00:00:00,L,False,True,2 rows share the highest revision '0'; latest is ambiguous
661,4391WPR0010,4391-WPR-0010,-,,0,0,IFI,IFI,NUMERIC,0,0,False,EXCEPTION,NOT_MATCHED,,AMBIGUOUS_TOP_REVISION,WEEKLY PROGRESS REPORT NO.010 (14-OCT-2022 TO 20-OCT-2022),WPR,MG,2022-10-23 00:00:00,L,False,True,2 rows share the highest revision '0'; latest is ambiguous
691,4391WPR0011,4391-WPR-0011,-,,0,0,IFI,IFI,NUMERIC,0,0,False,EXCEPTION,NOT_MATCHED,,AMBIGUOUS_TOP_REVISION,WEEKLY PROGRESS REPORT NO.011 (21-OCT-2022 TO 27-OCT-2022),WPR,MG,2022-10-30 00:00:00,L,False,True,2 rows share the highest revision '0'; latest is ambiguous
744,4391WPR0012,4391-WPR-0012,-,,0,0,IFI,IFI,NUMERIC,0,0,False,EXCEPTION,NOT_MATCHED,,AMBIGUOUS_TOP_REVISION,WEEKLY PROGRESS REPORT NO.012 (28-OCT-2022 TO 03-NOV-2022),WPR,MG,2022-11-08 00:00:00,L,False,True,2 rows share the highest revision '0'; latest is ambiguous
776,4391WPR0013,4391-WPR-0013,-,,0,0,IFI,IFI,NUMERIC,0,0,False,EXCEPTION,NOT_MATCHED,,AMBIGUOUS_TOP_REVISION,WEEKLY PROGRESS REPORT NO.013 (04-NOV-2022 TO 10-NOV-2022),WPR,MG,2022-11-13 00:00:00,L,False,True,2 rows share the highest revision '0'; latest is ambiguous
851,4391WPR0014,4391-WPR-0014,-,,0,0,IFI,IFI,NUMERIC,0,0,False,EXCEPTION,NOT_MATCHED,,AMBIGUOUS_TOP_REVISION,WEEKLY PROGRESS REPORT NO.014 (11-NOV-2022 TO 17-NOV-2022),WPR,MG,2022-11-22 00:00:00,L,False,True,2 rows share the highest revision '0'; latest is ambiguous
865,4391WPR0015,4391-WPR-0015,-,,0,0,IFI,IFI,NUMERIC,0,0,False,EXCEPTION,NOT_MATCHED,,AMBIGUOUS_TOP_REVISION,WEEKLY PROGRESS REPORT NO.0015 (18-NOV-2022 TO 24-NOV-2022),WPR,MG,2022-11-27 00:00:00,L,False,True,2 rows share the highest revision '0'; latest is ambiguous
929,4391MPR0001,4391-MPR-0001,-,,0,0,IFI,IFI,NUMERIC,0,0,False,EXCEPTION,NOT_MATCHED,,AMBIGUOUS_TOP_REVISION,MONTHLY PROGRESS REPORT NO.001 (18-JULY-2022 TO 24-NOVEMBER-2022),MPR,MG,2022-12-04 00:00:00,L,False,True,2 rows share the highest revision '0'; latest is ambiguous
932,4391WPR0016,4391-WPR-0016,-,,0,0,IFI,IFI,NUMERIC,0,0,False,EXCEPTION,NOT_MATCHED,,AMBIGUOUS_TOP_REVISION,WEEKLY PROGRESS REPORT NO.0016 (25-NOV-2022 TO 01-DEC-2022),WPR,MG,2022-12-05 00:00:00,L,False,True,3 rows share the highest revision '0'; latest is ambiguous
992,4391WPR0017,4391-WPR-0017,-,,0,0,IFI,IFI,NUMERIC,0,0,False,EXCEPTION,NOT_MATCHED,,AMBIGUOUS_TOP_REVISION,WEEKLY PROGRESS REPORT NO.0017 (02-DEC-2022 TO 08-DEC-2022),WPR,MG,2022-12-12 00:00:00,L,False,True,3 rows share the highest revision '0'; latest is ambiguous
1032,4391WPR0018,4391-WPR-0018,-,,0,0,IFI,IFI,NUMERIC,0,0,False,EXCEPTION,NOT_MATCHED,,AMBIGUOUS_TOP_REVISION,WEEKLY PROGRESS REPORT NO.0018 (09-DEC-2022 TO 15-DEC-2022),WPR,MG,2022-12-20 00:00:00,L,False,True,3 rows share the highest revision '0'; latest is ambiguous
1051,4391WPR0019,4391-WPR-0019,-,,0,0,IFI,IFI,NUMERIC,0,0,False,EXCEPTION,NOT_MATCHED,,AMBIGUOUS_TOP_REVISION,WEEKLY PROGRESS REPORT NO.0019 (16-DEC-2022 TO 22-DEC-2022),WPR,MG,2022-12-25 00:00:00,L,False,True,3 rows share the highest revision '0'; latest is ambiguous
1104,4391WPR0020,4391-WPR-0020,-,,0,0,IFI,IFI,NUMERIC,0,0,False,EXCEPTION,NOT_MATCHED,,AMBIGUOUS_TOP_REVISION,WEEKLY PROGRESS REPORT NO.0020 (23-DEC-2022 TO 29-DEC-2022),WPR,MG,2023-01-01 00:00:00,L,False,True,3 rows share the highest revision '0'; latest is ambiguous
1171,4391WPR0021,4391-WPR-0021,-,,0,0,IFI,IFI,NUMERIC,0,0,False,EXCEPTION,NOT_MATCHED,,AMBIGUOUS_TOP_REVISION,WEEKLY PROGRESS REPORT NO.0021 (30-DEC-2022 TO 05-JAN-2023),WPR,MG,2023-01-10 00:00:00,L,False,True,3 rows share the highest revision '0'; latest is ambiguous
1218,4391WPR0022,4391-WPR-0022,-,,0,0,IFI,IFI,NUMERIC,0,0,False,EXCEPTION,NOT_MATCHED,,AMBIGUOUS_TOP_REVISION,WEEKLY PROGRESS REPORT NO.0022 (06-JAN-2023 TO 12-JAN-2023),WPR,MG,2023-01-16 00:00:00,L,False,True,3 rows share the highest revision '0'; latest is ambiguous
1257,4391MPR0002,4391-MPR-0002,-,,0,0,IFI,IFI,NUMERIC,0,0,False,EXCEPTION,NOT_MATCHED,,AMBIGUOUS_TOP_REVISION,MONTHLY PROGRESS REPORT NO.0002 (25-NOV-2022 TO 29-DEC-2022),MPR,MG,2023-01-21 00:00:00,L,False,True,2 rows share the highest revision '0'; latest is ambiguous
1298,4391WPR0023,4391-WPR-0023,-,,0,0,IFI,IFI,NUMERIC,0,0,False,EXCEPTION,NOT_MATCHED,,AMBIGUOUS_TOP_REVISION,WEEKLY PROGRESS REPORT NO.0023 (13-JAN-2023 TO 19-JAN-2023),WPR,MG,2023-01-22 00:00:00,L,False,True,3 rows share the highest revision '0'; latest is ambiguous
1315,43910IRF0001,4391-0-IRF-0001,-,,0,0,IFC,CAN,NUMERIC,0,0,False,EXCEPTION,NOT_MATCHED,,AMBIGUOUS_TOP_REVISION,INTERFACE REQUEST FOR LER41-UPGRADE HONEYWELL SAFETY SYSTEMS,IRF,MG,2023-01-28 00:00:00,NL,False,True,2 rows share the highest revision '0'; latest is ambiguous
1316,43910IRF0002,4391-0-IRF-0002,-,,0,0,IFC,CAN,NUMERIC,0,0,False,EXCEPTION,NOT_MATCHED,,AMBIGUOUS_TOP_REVISION,INTERFACE REQUEST FOR LC – 20102200 (NGL -3)- ABB DCS UPGRADE PROJECT,IRF,MG,2023-01-28 00:00:00,NL,False,True,2 rows share the highest revision '0'; latest is ambiguous
1317,43910IRF0001,4391-0-IRF-0001,-,,0,0,IFI,IFI,NUMERIC,0,0,False,EXCEPTION,NOT_MATCHED,,AMBIGUOUS_TOP_REVISION,INTERFACE REQUEST FOR LER41-UPGRADE HONEYWELL SAFETY SYSTEMS,IRF,MG,2023-02-08 00:00:00,L,False,True,2 rows share the highest revision '0'; latest is ambiguous
1318,43910IRF0002,4391-0-IRF-0002,-,,0,0,IFI,IFI,NUMERIC,0,0,False,EXCEPTION,NOT_MATCHED,,AMBIGUOUS_TOP_REVISION,INTERFACE REQUEST FOR LC – 20102200 (NGL -3)- ABB DCS UPGRADE PROJECT,IRF,MG,2023-02-08 00:00:00,L,False,True,2 rows share the highest revision '0'; latest is ambiguous
1346,4391WPR0024,4391-WPR-0024,-,,0,0,IFI,IFI,NUMERIC,0,0,False,EXCEPTION,NOT_MATCHED,,AMBIGUOUS_TOP_REVISION,WEEKLY PROGRESS REPORT NO.0024 (20-JAN-2023 TO 26-JAN-2023),WPR,MG,2023-01-29 00:00:00,L,False,True,2 rows share the highest revision '0'; latest is ambiguous
1381,4391WPR0025,4391-WPR-0025,-,,0,0,IFI,IFI,NUMERIC,0,0,False,EXCEPTION,NOT_MATCHED,,AMBIGUOUS_TOP_REVISION,WEEKLY PROGRESS REPORT NO.0025 (27-JAN-2023 TO 02-FEB-2023),WPR,MG,2023-02-06 00:00:00,L,False,True,2 rows share the highest revision '0'; latest is ambiguous
1470,4391WPR0026,4391-WPR-0026,-,,0,0,IFI,IFI,NUMERIC,0,0,False,EXCEPTION,NOT_MATCHED,,AMBIGUOUS_TOP_REVISION,WEEKLY PROGRESS REPORT NO.0026 (03-FEB-2023 TO 09-FEB-2023),WPR,MG,2023-02-15 00:00:00,L,False,True,3 rows share the highest revision '0'; latest is ambiguous
1498,4391WPR0027,4391-WPR-0027,-,,0,0,IFI,IFI,NUMERIC,0,0,False,EXCEPTION,NOT_MATCHED,,AMBIGUOUS_TOP_REVISION,WEEKLY PROGRESS REPORT NO.0027 (10-FEB-2023 TO 16-FEB-2023),WPR,MG,2023-02-21 00:00:00,L,False,True,2 rows share the highest revision '0'; latest is ambiguous
1514,4391WPR0028,4391-WPR-0028,-,,0,0,IFI,IFI,NUMERIC,0,0,False,EXCEPTION,NOT_MATCHED,,AMBIGUOUS_TOP_REVISION,WEEKLY PROGRESS REPORT NO.0028 (17-FEB-2023 TO 23-FEB-2023),WPR,MG,2023-02-26 00:00:00,L,False,True,3 rows share the highest revision '0'; latest is ambiguous
1586,4391WPR0029,4391-WPR-0029,-,,0,0,IFI,IFI,NUMERIC,0,0,False,EXCEPTION,NOT_MATCHED,,AMBIGUOUS_TOP_REVISION,WEEKLY PROGRESS REPORT NO.0029 (24-FEB-2023 TO 02-MAR-2023),WPR,MG,2023-03-05 00:00:00,L,False,True,3 rows share the highest revision '0'; latest is ambiguous
1675,4391MPR0004,4391-MPR-0004,-,,0,0,IFI,IFI,NUMERIC,0,0,False,EXCEPTION,NOT_MATCHED,,AMBIGUOUS_TOP_REVISION,MONTHLY PROGRESS REPORT NO.0004 (27-JAN-2023 TO 23-FEB-2023),MPR,MG,2023-03-18 00:00:00,L,False,True,2 rows share the highest revision '0'; latest is ambiguous
1705,4391WPR0031,4391-WPR-0031,-,,0,0,IFI,IFI,NUMERIC,0,0,False,EXCEPTION,NOT_MATCHED,,AMBIGUOUS_TOP_REVISION,WEEKLY PROGRESS REPORT NO.0031 (10-MAR-2023 TO 16-MAR-2023),WPR,MG,2023-03-19 00:00:00,L,False,True,2 rows share the highest revision '0'; latest is ambiguous
1745,4391WPR0032,4391-WPR-0032,-,,0,0,IFI,IFI,NUMERIC,0,0,False,EXCEPTION,NOT_MATCHED,,AMBIGUOUS_TOP_REVISION,WEEKLY PROGRESS REPORT NO.0032 (17-MAR-2023 TO 23-MAR-2023),WPR,MG,2023-03-26 00:00:00,L,False,True,2 rows share the highest revision '0'; latest is ambiguous
1793,4391WPR0033,4391-WPR-0033,-,,0,0,IFI,IFI,NUMERIC,0,0,False,EXCEPTION,NOT_MATCHED,,AMBIGUOUS_TOP_REVISION,WEEKLY PROGRESS REPORT NO.0033 (24-MAR-2023 TO 30-MAR-2023),WPR,MG,2023-04-02 00:00:00,L,False,True,2 rows share the highest revision '0'; latest is ambiguous
1887,4391WPR0035,4391-WPR-0035,-,,0,0,IFI,IFI,NUMERIC,0,0,False,EXCEPTION,NOT_MATCHED,,AMBIGUOUS_TOP_REVISION,WEEKLY PROGRESS REPORT NO.0035 (07-APR-2023 TO 13-APR-2023),WPR,MG,2023-04-16 00:00:00,L,False,True,3 rows share the highest revision '0'; latest is ambiguous
1946,4391WPR0036,4391-WPR-0036,-,,0,0,IFI,IFI,NUMERIC,0,0,False,EXCEPTION,NOT_MATCHED,,AMBIGUOUS_TOP_REVISION,WEEKLY PROGRESS REPORT NO.0036 (14-APR-2023 TO 20-APR-2023),WPR,MG,2023-04-26 00:00:00,L,False,True,3 rows share the highest revision '0'; latest is ambiguous
1990,4391WPR0037,4391-WPR-0037,-,,0,0,IFI,IFI,NUMERIC,0,0,False,EXCEPTION,NOT_MATCHED,,AMBIGUOUS_TOP_REVISION,WEEKLY PROGRESS REPORT NO.0037 (21-APR-2023 TO 27-APR-2023),WPR,MG,2023-04-30 00:00:00,L,False,True,3 rows share the highest revision '0'; latest is ambiguous
2912,4391WPR0038,4391-WPR-0038,-,,0,0,IFI,IFI,NUMERIC,0,0,False,EXCEPTION,NOT_MATCHED,,AMBIGUOUS_TOP_REVISION,WEEKLY PROGRESS REPORT NO.0038 (28-APR-2023 TO 04-MAY-2023),WPR,MG,2023-05-07 00:00:00,L,False,True,3 rows share the highest revision '0'; latest is ambiguous
3338,4391WPR0039,4391-WPR-0039,-,,0,0,IFI,IFI,NUMERIC,0,0,False,EXCEPTION,NOT_MATCHED,,AMBIGUOUS_TOP_REVISION,WEEKLY PROGRESS REPORT NO.0039 (05-MAY-2023 TO 11-MAY-2023),WPR,MG,2023-05-14 00:00:00,L,False,True,3 rows share the highest revision '0'; latest is ambiguous
3397,4391MPR0006,4391-MPR-0006,-,,0,0,IFI,IFI,NUMERIC,0,0,False,EXCEPTION,NOT_MATCHED,,AMBIGUOUS_TOP_REVISION,MONTHLY PROGRESS REPORT NO.0006 (31-MAR-2023 TO 27-APR-2023),MPR,MG,2023-05-15 00:00:00,L,False,True,2 rows share the highest revision '0'; latest is ambiguous
3785,4391WPR0040,4391-WPR-0040,-,,0,0,IFI,IFI,NUMERIC,0,0,False,EXCEPTION,NOT_MATCHED,,AMBIGUOUS_TOP_REVISION,WEEKLY PROGRESS REPORT NO.0040 (12-MAY-2023 TO 18-MAY-2023),WPR,MG,2023-05-21 00:00:00,L,False,True,3 rows share the highest revision '0'; latest is ambiguous
4471,4391WPR0041,4391-WPR-0041,-,,0,0,IFI,IFI,NUMERIC,0,0,False,EXCEPTION,NOT_MATCHED,,AMBIGUOUS_TOP_REVISION,WEEKLY PROGRESS REPORT NO.0041 (19-MAY-2023 TO 25-MAY-2023),WPR,MG,2023-05-28 00:00:00,L,False,True,4 rows share the highest revision '0'; latest is ambiguous
5259,4391WPR0042,4391-WPR-0042,-,,0,0,IFI,IFI,NUMERIC,0,0,False,EXCEPTION,NOT_MATCHED,,AMBIGUOUS_TOP_REVISION,WEEKLY PROGRESS REPORT NO.0042 (26-MAY-2023 TO 01-JUNE-2023),WPR,MG,2023-06-04 00:00:00,L,False,True,3 rows share the highest revision '0'; latest is ambiguous
5917,4391WPR0043,4391-WPR-0043,-,,0,0,IFI,IFI,NUMERIC,0,0,False,EXCEPTION,NOT_MATCHED,,AMBIGUOUS_TOP_REVISION,WEEKLY PROGRESS REPORT NO.0043 (02-JUNE-2023 TO 08-JUNE-2023),WPR,MG,2023-06-12 00:00:00,L,False,True,3 rows share the highest revision '0'; latest is ambiguous
5981,4391WPR0044,4391-WPR-0044,-,,0,0,IFI,IFI,NUMERIC,0,0,False,EXCEPTION,NOT_MATCHED,,AMBIGUOUS_TOP_REVISION,WEEKLY PROGRESS REPORT NO.0044 (09-JUNE-2023 TO 15-JUNE-2023),WPR,MG,2023-06-18 00:00:00,L,False,True,3 rows share the highest revision '0'; latest is ambiguous
6052,4391WPR0045,4391-WPR-0045,-,,0,0,IFI,IFI,NUMERIC,0,0,False,EXCEPTION,NOT_MATCHED,,AMBIGUOUS_TOP_REVISION,WEEKLY PROGRESS REPORT NO.0045 (16-JUNE-2023 TO 22-JUNE-2023),WPR,MG,2023-06-25 00:00:00,L,False,True,2 rows share the highest revision '0'; latest is ambiguous
6057,4391MPR0007,4391-MPR-0007,-,,0,0,IFI,IFI,NUMERIC,0,0,False,EXCEPTION,NOT_MATCHED,,AMBIGUOUS_TOP_REVISION,MONTHLY PROGRESS REPORT NO.0007 (28-APR-2023 TO 25-MAY-2023),MPR,MG,2023-06-27 00:00:00,L,False,True,2 rows share the highest revision '0'; latest is ambiguous
6109,4391WPR0046,4391-WPR-0046,-,,0,0,IFI,IFI,NUMERIC,0,0,False,EXCEPTION,NOT_MATCHED,,AMBIGUOUS_TOP_REVISION,WEEKLY PROGRESS REPORT NO.0046 (23-JUNE-2023 TO 29-JUNE-2023),WPR,MG,2023-07-06 00:00:00,L,False,True,2 rows share the highest revision '0'; latest is ambiguous
6119,4391WPR0047,4391-WPR-0047,-,,0,0,IFI,IFI,NUMERIC,0,0,False,EXCEPTION,NOT_MATCHED,,AMBIGUOUS_TOP_REVISION,WEEKLY PROGRESS REPORT NO.0047 (30-JUNE-2023 TO 06-JULY-2023),WPR,MG,2023-07-09 00:00:00,L,False,True,3 rows share the highest revision '0'; latest is ambiguous
6165,4391WPR0048,4391-WPR-0048,-,,0,0,IFI,IFI,NUMERIC,0,0,False,EXCEPTION,NOT_MATCHED,,AMBIGUOUS_TOP_REVISION,WEEKLY PROGRESS REPORT NO.0048 (07-JULY-2023 TO 13-JULY-2023),WPR,MG,2023-07-16 00:00:00,L,False,True,2 rows share the highest revision '0'; latest is ambiguous
6206,4391MPR0008,4391-MPR-0008,-,,0,0,IFI,IFI,NUMERIC,0,0,False,EXCEPTION,NOT_MATCHED,,AMBIGUOUS_TOP_REVISION,MONTHLY PROGRESS REPORT NO.0008 (26-MAY-2023 TO 29-JUNE-2023),MPR,MG,2023-07-17 00:00:00,L,False,True,2 rows share the highest revision '0'; latest is ambiguous
6247,43911TQ0002,4391-1-TQ-0002,-,,0,0,IFC,CODE-3,NUMERIC,0,0,False,EXCEPTION,NOT_MATCHED,,AMBIGUOUS_TOP_REVISION,TECHNICAL QUERY – CONCRETE PROTECTION BOARD OVER THE BLINDING IN SLOPE OF POND T-1624,CIVIL-TQ,MG,2023-07-25 00:00:00,L,False,True,2 rows share the highest revision '0'; latest is ambiguous
6269,4391WPR0050,4391-WPR-0050,-,,0,0,IFI,IFI,NUMERIC,0,0,False,EXCEPTION,NOT_MATCHED,,AMBIGUOUS_TOP_REVISION,WEEKLY PROGRESS REPORT NO.0050 (21-JULY-2023 TO 27-JULY-2023),WPR,MG,2023-07-30 00:00:00,L,False,True,2 rows share the highest revision '0'; latest is ambiguous
6318,4391WPR0051,4391-WPR-0051,-,,0,0,IFI,IFI,NUMERIC,0,0,False,EXCEPTION,NOT_MATCHED,,AMBIGUOUS_TOP_REVISION,WEEKLY PROGRESS REPORT NO.0051 (28-JULY-2023 TO 03-AUGUST-2023),WPR,MG,2023-08-06 00:00:00,L,False,True,3 rows share the highest revision '0'; latest is ambiguous
6454,4391WPR0053,4391-WPR-0053,-,,0,0,IFI,IFI,NUMERIC,0,0,False,EXCEPTION,NOT_MATCHED,,AMBIGUOUS_TOP_REVISION,WEEKLY PROGRESS REPORT NO.0053 (11-AUGUST-2023 TO 17-AUGUST-2023),WPR,MG,2023-08-22 00:00:00,L,False,True,2 rows share the highest revision '0'; latest is ambiguous
6596,4391WPR0055,4391-WPR-0055,-,,0,0,IFI,IFI,NUMERIC,0,0,False,EXCEPTION,NOT_MATCHED,,AMBIGUOUS_TOP_REVISION,WEEKLY PROGRESS REPORT NO.0055 (25-AUGUST-2023 TO 31-AUGUST-2023),WPR,MG,2023-09-04 00:00:00,L,False,True,2 rows share the highest revision '0'; latest is ambiguous
6625,VEN4391MTY0040001,VEN-4391-MTY-0-04-0001,DEW-5718-T-047,,1,1,IFA,CODE-10,NUMERIC,1,0,False,EXCEPTION,NOT_MATCHED,,AMBIGUOUS_TOP_REVISION,"PROJECT QUALITY PLAN FOR ENGINEERING, PROCUREMENT, INSTALLATION, CONSTRUCTION, PRE-COMMISSIONING, COMMISSIONING, STARTUP, AND PERFORMANCE TESTING OF TANKS (M/S. DANEM ENGINEERING WORKS WLL)",GEN-QAQC,DANEM,2023-09-06 00:00:00,L,False,True,2 rows share the highest revision '1'; latest is ambiguous
6667,4391WPR0056,4391-WPR-0056,-,,0,0,IFI,IFI,NUMERIC,0,0,False,EXCEPTION,NOT_MATCHED,,AMBIGUOUS_TOP_REVISION,WEEKLY PROGRESS REPORT NO.0056 (01-SEPTEMBER-2023 TO 07- SEPTEMBER -2023),WPR,MG,2023-09-10 00:00:00,L,False,True,2 rows share the highest revision '0'; latest is ambiguous
6771,4391WPR0057,4391-WPR-0057,-,,0,0,IFI,IFI,NUMERIC,0,0,False,EXCEPTION,NOT_MATCHED,,AMBIGUOUS_TOP_REVISION,WEEKLY PROGRESS REPORT NO.0057 (08-SEPTEMBER-2023 TO 14-SEPTEMBER-2023),WPR,MG,2023-09-18 00:00:00,L,False,True,2 rows share the highest revision '0'; latest is ambiguous
6860,4391WPR0058,4391-WPR-0058,-,,0,0,IFI,IFI,NUMERIC,0,0,False,EXCEPTION,NOT_MATCHED,,AMBIGUOUS_TOP_REVISION,WEEKLY PROGRESS REPORT NO.0058 (15-SEPTEMBER-2023 TO 21- SEPTEMBER -2023),WPR,MG,2023-09-25 00:00:00,L,False,True,2 rows share the highest revision '0'; latest is ambiguous
6941,4391WPR0059,4391-WPR-0059,-,,0,0,IFI,IFI,NUMERIC,0,0,False,EXCEPTION,NOT_MATCHED,,AMBIGUOUS_TOP_REVISION,WEEKLY PROGRESS REPORT NO.0059 (22-SEPTEMBER-2023 TO 28- SEPTEMBER -2023),WPR,MG,2023-10-03 00:00:00,L,False,True,2 rows share the highest revision '0'; latest is ambiguous
7082,4391WPR0060,4391-WPR-0060,-,,0,0,IFI,IFI,NUMERIC,0,0,False,EXCEPTION,NOT_MATCHED,,AMBIGUOUS_TOP_REVISION,WEEKLY PROGRESS REPORT NO.0060 (29-SEPTEMBER-2023 TO 05- OCTOBER-2023),WPR,MG,2023-10-09 00:00:00,L,False,True,2 rows share the highest revision '0'; latest is ambiguous
7109,4391WPR0061,4391-WPR-0061,-,,0,0,IFI,IFI,NUMERIC,0,0,False,EXCEPTION,NOT_MATCHED,,AMBIGUOUS_TOP_REVISION,WEEKLY PROGRESS REPORT NO.0061 (06-OCTOBER-2023 TO 12- OCTOBER-2023),WPR,MG,2023-10-16 00:00:00,L,False,True,2 rows share the highest revision '0'; latest is ambiguous
7169,4391MTY4150004,4391-MTY-4-15-0004,TN-0878,,A,A,IFA,WITHDRAWIN,ALPHABETIC,0,1,False,EXCEPTION,NOT_MATCHED,,submission marked WITHDRAWN,MATERIAL REQUISITION FOR PRESSURE & DIFFERENTIAL PRESSURE GAUGES,INST,TEN,2023-10-22 00:00:00,NL,False,True,submission marked WITHDRAWN
7214,4391WPR0062,4391-WPR-0062,-,,0,0,IFI,IFI,NUMERIC,0,0,False,EXCEPTION,NOT_MATCHED,,AMBIGUOUS_TOP_REVISION,WEEKLY PROGRESS REPORT NO.0062 (13-OCTOBER-2023 TO 19- OCTOBER-2023),WPR,MG,2023-10-23 00:00:00,L,False,True,2 rows share the highest revision '0'; latest is ambiguous
7275,4391WPR0063,4391-WPR-0063,-,,0,0,IFI,IFI,NUMERIC,0,0,False,EXCEPTION,NOT_MATCHED,,AMBIGUOUS_TOP_REVISION,WEEKLY PROGRESS REPORT NO.0063 (20-OCTOBER-2023 TO 26- OCTOBER-2023),WPR,MG,2023-10-30 00:00:00,L,False,True,2 rows share the highest revision '0'; latest is ambiguous
7366,4391WPR0064,4391-WPR-0064,-,,0,0,IFI,IFI,NUMERIC,0,0,False,EXCEPTION,NOT_MATCHED,,AMBIGUOUS_TOP_REVISION,WEEKLY PROGRESS REPORT NO.0064 (27-OCTOBER-2023 TO 02-NOVEMBER-2023),WPR,MG,2023-11-06 00:00:00,L,False,True,3 rows share the highest revision '0'; latest is ambiguous
7689,4391WPR0066,4391-WPR-0066,-,,0,0,IFI,IFI,NUMERIC,0,0,False,EXCEPTION,NOT_MATCHED,,AMBIGUOUS_TOP_REVISION,WEEKLY PROGRESS REPORT NO.0066 (10-NOVEMBER-2023 TO 06-NOVEMBER-2023),WPR,MG,2023-11-19 00:00:00,L,False,True,2 rows share the highest revision '0'; latest is ambiguous
7791,4391WPR0067,4391-WPR-0067,-,,0,0,IFI,IFI,NUMERIC,0,0,False,EXCEPTION,NOT_MATCHED,,AMBIGUOUS_TOP_REVISION,WEEKLY PROGRESS REPORT NO.0067 (17-NOVEMBER-2023 TO 23-NOVEMBER-2023),WPR,MG,2023-11-27 00:00:00,L,False,True,3 rows share the highest revision '0'; latest is ambiguous
8035,MGTNUSEDBYIRFANTOSPLIT,MG TN USED BY IRFAN TO SPLIT,-,,,-,-,-,UNPARSEABLE,0,-1,False,EXCEPTION,NOT_MATCHED,,REV_EMPTY,QatarEnergy will use this Medgulf TN TO SPLIT UNIDRO DOCUMENT SUBMITTED IN MEDGULF TN NO.2797,-,UNIDRO,-,L,False,True,revision '-' could not be parsed (REV_EMPTY)
8040,MGTNUSEDBYIRFAN,MG TN USED BY IRFAN,-,,,-,-,-,UNPARSEABLE,0,-1,False,EXCEPTION,NOT_MATCHED,,REV_EMPTY,MG TN USED BY IRFAN FOR THEIR DDM,-,MG,-,L,False,True,revision '-' could not be parsed (REV_EMPTY)
8123,4391WPR0069,4391-WPR-0069,-,,0,0,IFI,IFI,NUMERIC,0,0,False,EXCEPTION,NOT_MATCHED,,AMBIGUOUS_TOP_REVISION,WEEKLY PROGRESS REPORT NO.0069 (01-DECEMBER-2023 TO 07-DECEMBER-2023),WPR,MG,2023-12-12 00:00:00,L,False,True,3 rows share the highest revision '0'; latest is ambiguous
8446,4391WPR0071,4391-WPR-0071,-,,0,0,IFI,IFI,NUMERIC,0,0,False,EXCEPTION,NOT_MATCHED,,AMBIGUOUS_TOP_REVISION,WEEKLY PROGRESS REPORT NO.0071 (15-DECEMBER-2023 TO 21-DECEMBER-2023),WPR,MG,2023-12-25 00:00:00,L,False,True,2 rows share the highest revision '0'; latest is ambiguous
8597,4391WPR0072,4391-WPR-0072,-,,0,0,IFI,IFI,NUMERIC,0,0,False,EXCEPTION,NOT_MATCHED,,AMBIGUOUS_TOP_REVISION,WEEKLY PROGRESS REPORT NO.0072 (22-DECEMBER-2023 TO 28-DECEMBER-2023),WPR,MG,2024-01-02 00:00:00,L,False,True,2 rows share the highest revision '0'; latest is ambiguous
8721,4391EFF20006001,4391-EFF-20006-001,TN-0982,,0,0,IFC,CODE-2,NUMERIC,0,0,False,EXCEPTION,NOT_MATCHED,,AMBIGUOUS_TOP_REVISION,"ISOMETRIC LINE NO. 3""-EFF-20006-37011X",ISOMETRIC,TEN,2024-01-05 00:00:00,NL,False,True,2 rows share the highest revision '0'; latest is ambiguous
9431,4391WPR0075,4391-WPR-0075,-,,0,0,IFI,IFI,NUMERIC,0,0,False,EXCEPTION,NOT_MATCHED,,AMBIGUOUS_TOP_REVISION,WEEKLY PROGRESS REPORT NO.0075 (12-JANUARY-2024 TO 18-JANUARY-2024),WPR,MG,2024-01-22 00:00:00,L,False,True,2 rows share the highest revision '0'; latest is ambiguous
9728,4391WPR0077,4391-WPR-0077,-,,0,0,IFI,IFI,NUMERIC,0,0,False,EXCEPTION,NOT_MATCHED,,AMBIGUOUS_TOP_REVISION,WEEKLY PROGRESS REPORT NO.0077 (26-JANUARY-2024 TO 01-FEBRUARY-2024),WPR,MG,2024-02-05 00:00:00,L,False,True,2 rows share the highest revision '0'; latest is ambiguous
9980,4391WPR0078,4391-WPR-0078,-,,0,0,IFI,IFI,NUMERIC,0,0,False,EXCEPTION,NOT_MATCHED,,AMBIGUOUS_TOP_REVISION,WEEKLY PROGRESS REPORT NO.0078 (02-FEBRUARY-2024 TO 08-FEBRUARY-2024),WPR,MG,2024-02-12 00:00:00,L,False,True,2 rows share the highest revision '0'; latest is ambiguous
10119,4391WPR0079,4391-WPR-0079,-,,0,0,IFI,IFI,NUMERIC,0,0,False,EXCEPTION,NOT_MATCHED,,AMBIGUOUS_TOP_REVISION,WEEKLY PROGRESS REPORT NO.0079 (09-FEBRUARY-2024 TO 15-FEBRUARY-2024),WPR,MG,2024-02-20 00:00:00,L,False,True,2 rows share the highest revision '0'; latest is ambiguous
10287,4391WPR0080,4391-WPR-0080,-,,0,0,IFI,IFI,NUMERIC,0,0,False,EXCEPTION,NOT_MATCHED,,AMBIGUOUS_TOP_REVISION,WEEKLY PROGRESS REPORT NO.0080 (16-FEBRUARY-2024 TO 22-FEBRUARY-2024),WPR,MG,2024-02-26 00:00:00,L,False,True,3 rows share the highest revision '0'; latest is ambiguous
10662,4391WPR0082,4391-WPR-0082,-,,0,0,IFI,IFI,NUMERIC,0,0,False,EXCEPTION,NOT_MATCHED,,AMBIGUOUS_TOP_REVISION,WEEKLY PROGRESS REPORT NO.0082 (01-MARCH-2024 TO 07-MARCH-2024),WPR,MG,2024-03-11 00:00:00,L,False,True,2 rows share the highest revision '0'; latest is ambiguous
10784,MEWTP6130006,MEWTP-6-13-0006,TN-1329,,B,B,AFC,AFC,ALPHABETIC,1,1,False,EXCEPTION,NOT_MATCHED,,AMBIGUOUS_TOP_REVISION,PROCESS DATASHEET FOR NEW EFFLUENT WATER TREATMENT PLANT PACKAGE,PROCESS,TEN,2024-03-15 00:00:00,L,False,True,2 rows share the highest revision 'B'; latest is ambiguous
10951,4391WPR0083,4391-WPR-0083,-,,0,0,IFI,IFI,NUMERIC,0,0,False,EXCEPTION,NOT_MATCHED,,AMBIGUOUS_TOP_REVISION,WEEKLY PROGRESS REPORT NO.0083 (08-MARCH-2024 TO 14-MARCH-2024),WPR,MG,2024-03-19 00:00:00,L,False,True,2 rows share the highest revision '0'; latest is ambiguous
11223,4391WPR0084,4391-WPR-0084,EMAIL FROM RP,,0,0,IFI,IFI,NUMERIC,0,0,False,EXCEPTION,NOT_MATCHED,,AMBIGUOUS_TOP_REVISION,WEEKLY PROGRESS REPORT NO.0084 (15-MARCH-2024 TO 21-MARCH-2024),WPR,MG,2024-03-26 00:00:00,L,False,True,2 rows share the highest revision '0'; latest is ambiguous
11380,4391WPR0085,4391-WPR-0085,EMAIL FROM RP,,0,0,IFI,IFI,NUMERIC,0,0,False,EXCEPTION,NOT_MATCHED,,AMBIGUOUS_TOP_REVISION,WEEKLY PROGRESS REPORT NO.0085 (22-MARCH-2024 TO 28-MARCH-2024),WPR,MG,2024-04-01 00:00:00,L,False,True,2 rows share the highest revision '0'; latest is ambiguous
11665,4391WPR0086,4391-WPR-0086,EMAIL FROM RP,,0,0,IFI,IFI,NUMERIC,0,0,False,EXCEPTION,NOT_MATCHED,,AMBIGUOUS_TOP_REVISION,WEEKLY PROGRESS REPORT NO.0086 (29-MARCH-2024 TO 04-APRIL-2024),WPR,MG,2024-04-13 00:00:00,L,False,True,3 rows share the highest revision '0'; latest is ambiguous
11976,4391WPR0088,4391-WPR-0088,EMAIL FROM RP,,0,0,IFI,IFI,NUMERIC,0,0,False,EXCEPTION,NOT_MATCHED,,AMBIGUOUS_TOP_REVISION,WEEKLY PROGRESS REPORT NO.0088 (12-APRIL-2024 TO 18-APRIL-2024),WPR,MG,2024-04-22 00:00:00,L,False,True,2 rows share the highest revision '0'; latest is ambiguous
12250,4391WPR0089,4391-WPR-0089,EMAIL FROM RP,,0,0,IFI,IFI,NUMERIC,0,0,False,EXCEPTION,NOT_MATCHED,,AMBIGUOUS_TOP_REVISION,WEEKLY PROGRESS REPORT NO.0089 (19-APRIL-2024 TO 25-APRIL-2024),WPR,MG,2024-04-30 00:00:00,L,False,True,2 rows share the highest revision '0'; latest is ambiguous
12427,4391WPR0090,4391-WPR-0090,EMAIL FROM RP,,0,0,IFI,IFI,NUMERIC,0,0,False,EXCEPTION,NOT_MATCHED,,AMBIGUOUS_TOP_REVISION,WEEKLY PROGRESS REPORT NO.0090 (26-APRIL-2024 TO 2-MAY-2024),WPR,MG,2024-05-06 00:00:00,L,False,True,2 rows share the highest revision '0'; latest is ambiguous
12622,4391WPR0091,4391-WPR-0091,EMAIL FROM RP,,0,0,IFI,IFI,NUMERIC,0,0,False,EXCEPTION,NOT_MATCHED,,AMBIGUOUS_TOP_REVISION,WEEKLY PROGRESS REPORT NO.0091 (03-MAY-2024 TO 09-MAY-2024),WPR,MG,2024-05-13 00:00:00,L,False,True,2 rows share the highest revision '0'; latest is ambiguous
12889,4391WPR0092,4391-WPR-0092,EMAIL FROM RP,,0,0,IFI,IFI,NUMERIC,0,0,False,EXCEPTION,NOT_MATCHED,,AMBIGUOUS_TOP_REVISION,WEEKLY PROGRESS REPORT NO.0092 (10-MAY-2024 TO 16-MAY-2024),WPR,MG,2024-05-20 00:00:00,L,False,True,2 rows share the highest revision '0'; latest is ambiguous
13223,4391WPR0093,4391-WPR-0093,EMAIL FROM RP,,0,0,IFI,IFI,NUMERIC,0,0,False,EXCEPTION,NOT_MATCHED,,AMBIGUOUS_TOP_REVISION,WEEKLY PROGRESS REPORT NO.0093 (17-MAY-2024 TO 23-MAY-2024),WPR,MG,2024-05-28 00:00:00,L,False,True,2 rows share the highest revision '0'; latest is ambiguous
13416,4391WPR0094,4391-WPR-0094,EMAIL FROM RP,,0,0,IFI,IFI,NUMERIC,0,0,False,EXCEPTION,NOT_MATCHED,,AMBIGUOUS_TOP_REVISION,WEEKLY PROGRESS REPORT NO.0094 (24-MAY-2024 TO 30-MAY-2024),WPR,MG,2024-06-03 00:00:00,L,False,True,2 rows share the highest revision '0'; latest is ambiguous
13703,4391WPR0095,4391-WPR-0095,EMAIL FROM RP,,0,0,IFI,IFI,NUMERIC,0,0,False,EXCEPTION,NOT_MATCHED,,AMBIGUOUS_TOP_REVISION,WEEKLY PROGRESS REPORT NO.0095 (31-MAY-2024 TO 06-JUNE-2024),WPR,MG,2024-06-12 00:00:00,L,False,True,2 rows share the highest revision '0'; latest is ambiguous
13791,4391WPR0096,4391-WPR-0096,EMAIL FROM RP,,0,0,IFI,IFI,NUMERIC,0,0,False,EXCEPTION,NOT_MATCHED,,AMBIGUOUS_TOP_REVISION,WEEKLY PROGRESS REPORT NO.0096 (07-JUNE-2024 TO 13-JUNE-2024),WPR,MG,2024-06-18 00:00:00,L,False,True,2 rows share the highest revision '0'; latest is ambiguous
13889,4391WPR0097,4391-WPR-0097,EMAIL FROM RP,,0,0,IFI,IFI,NUMERIC,0,0,False,EXCEPTION,NOT_MATCHED,,AMBIGUOUS_TOP_REVISION,WEEKLY PROGRESS REPORT NO.0097 (14-JUNE-2024 TO 20-JUNE-2024),WPR,MG,2024-06-24 00:00:00,L,False,True,2 rows share the highest revision '0'; latest is ambiguous
14090,4391WPR0098,4391-WPR-0098,EMAIL FROM RP,,0,0,IFI,IFI,NUMERIC,0,0,False,EXCEPTION,NOT_MATCHED,,AMBIGUOUS_TOP_REVISION,WEEKLY PROGRESS REPORT NO.0098 (21-JUNE-2024 TO 27-JUNE-2024),WPR,MG,2024-07-01 00:00:00,L,False,True,2 rows share the highest revision '0'; latest is ambiguous
14353,4391WPR0099,4391-WPR-0099,EMAIL FROM RP,,0,0,IFI,IFI,NUMERIC,0,0,False,EXCEPTION,NOT_MATCHED,,AMBIGUOUS_TOP_REVISION,WEEKLY PROGRESS REPORT NO.0099 (28-JUNE-2024 TO 04-JULY-2024),WPR,MG,2024-07-08 00:00:00,L,False,True,2 rows share the highest revision '0'; latest is ambiguous
14530,4391WPR0100,4391-WPR-0100,EMAIL FROM RP,,0,0,IFI,IFI,NUMERIC,0,0,False,EXCEPTION,NOT_MATCHED,,AMBIGUOUS_TOP_REVISION,WEEKLY PROGRESS REPORT NO.0100 (05-JULY-2024 TO 11-JULY-2024),WPR,MG,2024-07-15 00:00:00,L,False,True,2 rows share the highest revision '0'; latest is ambiguous
17060,4391MTY3040002,4391-MTY-3-04-0002,EMAIL FROM PHLIP,,5,5,RE-IFA,CODE-10,NUMERIC,5,0,False,EXCEPTION,NOT_MATCHED,,AMBIGUOUS_TOP_REVISION,HSE PLAN (HEALTH SAFETY AND ENVIRONMENTAL),HSE,MG,2024-10-28 00:00:00,L,False,True,2 rows share the highest revision '5'; latest is ambiguous
19042,43912VDR0003,4391-2-VDR-0003,TR-MED-0020,,1,1,IFI,CODE-2,NUMERIC,1,0,False,EXCEPTION,NOT_MATCHED,,AMBIGUOUS_TOP_REVISION,SUPPLIER DOCUMENTS REGISTER LIST FOR AC UPS SYSTEM,ELE,QSP,2025-01-26 00:00:00,NL,False,True,2 rows share the highest revision '1'; latest is ambiguous
19043,43912VDR0004,4391-2-VDR-0004,TR-MED-0020,,1,1,IFI,CODE-2,NUMERIC,1,0,False,EXCEPTION,NOT_MATCHED,,AMBIGUOUS_TOP_REVISION,SUPPLIER DOCUMENTS REGISTER LIST FOR DC UPS SYSTEM,ELE,QSP,2025-01-26 00:00:00,NL,False,True,2 rows share the highest revision '1'; latest is ambiguous
19931,4391WPR0034,4391-WPR-0034,-,,0,0,IFI,IFI,NUMERIC,0,0,False,EXCEPTION,NOT_MATCHED,,AMBIGUOUS_TOP_REVISION,WEEKLY PROGRESS REPORT NO.0034 (31-MAR-2023 TO 06-APR-2023),WPR,MG,2023-04-10 00:00:00,L,False,True,2 rows share the highest revision '0'; latest is ambiguous
20641,43912VDR0003,4391-2-VDR-0003,TR-MED-0029,,1,1,IFI,CODE-6,NUMERIC,1,0,False,EXCEPTION,NOT_MATCHED,,AMBIGUOUS_TOP_REVISION,SUPPLIER DOCUMENTS REGISTER LIST FOR AC UPS SYSTEM,ELE,QSP,2025-04-15 00:00:00,L,False,True,2 rows share the highest revision '1'; latest is ambiguous
20642,43912VDR0004,4391-2-VDR-0004,TR-MED-0029,,1,1,IFI,CODE-6,NUMERIC,1,0,False,EXCEPTION,NOT_MATCHED,,AMBIGUOUS_TOP_REVISION,SUPPLIER DOCUMENTS REGISTER LIST FOR DC UPS SYSTEM,ELE,QSP,2025-04-15 00:00:00,L,False,True,2 rows share the highest revision '1'; latest is ambiguous
20838,VEN4391MTY0040001,VEN-4391-MTY-0-04-0001,DEW-5718-T-0470,,1,1,IFA,MG,NUMERIC,1,0,False,EXCEPTION,NOT_MATCHED,,AMBIGUOUS_TOP_REVISION,"PROJECT QUALITY PLAN FOR ENGINEERING, PROCUREMENT, INSTALLATION, CONSTRUCTION, PRE-COMMISSIONING, COMMISSIONING, STARTUP, AND PERFORMANCE TESTING OF TANKS (M/S. DANEM ENGINEERING WORKS WLL)",GEN-QAQC,DANEM,,,False,True,2 rows share the highest revision '1'; latest is ambiguous
20974,43910CV00XX,4391-0-CV-00XX,EMAIL FROM KUMARABALU 4391-REV1-TN-0151,,0,0,IFC,MG,NUMERIC,0,0,False,EXCEPTION,NOT_MATCHED,,AMBIGUOUS_TOP_REVISION,CV OF PAULRAJ SUBBIAH - DEPUTY COMMISSIONING MANAGER,CV,REV1,2026-03-15 00:00:00,,False,True,2 rows share the highest revision '0'; latest is ambiguous
20989,4391WPR0084,4391-WPR-0084,TL-0522,,0,0,IFI,IFI,NUMERIC,0,0,False,EXCEPTION,NOT_MATCHED,,AMBIGUOUS_TOP_REVISION,WEEKLY PROGRESS REPORT-0084 WPR (06 MAR 26 TO 12 MAR 26),WPR,TEB,2026-03-13 00:00:00,-,False,True,2 rows share the highest revision '0'; latest is ambiguous
21004,4391WPR0085,4391-WPR-0085,TL-0523,,0,0,IFI,IFI,NUMERIC,0,0,False,EXCEPTION,NOT_MATCHED,,AMBIGUOUS_TOP_REVISION,WEEKLY PROGRESS REPORT-0085 WPR (13 MAR 26 TO 19 MAR 26),WPR,TEB,2026-03-13 00:00:00,-,False,True,2 rows share the highest revision '0'; latest is ambiguous
21028,4391WPR0086,4391-WPR-0086,TL-0524,,0,0,IFI,IFI,NUMERIC,0,0,False,EXCEPTION,NOT_MATCHED,,AMBIGUOUS_TOP_REVISION,WEEKLY PROGRESS REPORT-0086 WPR (20 MAR 26 TO 26 MAR 26),WPR,TEB,2026-03-26 00:00:00,-,False,True,3 rows share the highest revision '0'; latest is ambiguous
21080,4391WPR0086,4391-WPR-0086,TL-0526,,0,0,IFI,IFI,NUMERIC,0,0,False,EXCEPTION,NOT_MATCHED,,AMBIGUOUS_TOP_REVISION,WEEKLY PROGRESS REPORT-0087 WPR (27 MAR 26 TO 02 APR 26),WPR,TEB,2026-04-02 00:00:00,-,False,True,3 rows share the highest revision '0'; latest is ambiguous
21153,4391WPR0088,4391-WPR-0088,TL-0527,,0,0,IFI,IFI,NUMERIC,0,0,False,EXCEPTION,NOT_MATCHED,,AMBIGUOUS_TOP_REVISION,WEEKLY PROGRESS REPORT-0088 WPR (03 APR 26 TO 09 APR 26),WPR,TEB,2026-03-26 00:00:00,-,False,True,2 rows share the highest revision '0'; latest is ambiguous
21184,4391WPR0089,4391-WPR-0089,TL-0528,,0,0,IFI,IFI,NUMERIC,0,0,False,EXCEPTION,NOT_MATCHED,,AMBIGUOUS_TOP_REVISION,WEEKLY PROGRESS REPORT-0089 WPR (10 APR 26 TO 16 APR 26),WPR,TEB,2026-04-16 00:00:00,-,False,True,2 rows share the highest revision '0'; latest is ambiguous
21236,4391WPR0090,4391-WPR-0090,TL-0530,,0,0,IFI,IFI,NUMERIC,0,0,False,EXCEPTION,NOT_MATCHED,,AMBIGUOUS_TOP_REVISION,WEEKLY PROGRESS REPORT-0090 WPR (17 APR 26 TO 23 APR 26),WPR,TEB,2026-04-23 00:00:00,-,False,True,2 rows share the highest revision '0'; latest is ambiguous
21288,4391WPR0091,4391-WPR-0091,TL-0533,,0,0,IFI,IFI,NUMERIC,0,0,False,EXCEPTION,NOT_MATCHED,,AMBIGUOUS_TOP_REVISION,WEEKLY PROGRESS REPORT-0091 WPR (24 APR 26 TO 30 APR 26),WPR,TEB,2026-04-30 00:00:00,-,False,True,2 rows share the highest revision '0'; latest is ambiguous
21313,4391WPR0092,4391-WPR-0092,TL-0537,,0,0,IFI,IFI,NUMERIC,0,0,False,EXCEPTION,NOT_MATCHED,,AMBIGUOUS_TOP_REVISION,WEEKLY PROGRESS REPORT-0092 WPR (01 MAY 26 TO 07 MAY 26),WPR,TEB,2026-05-07 00:00:00,-,False,True,2 rows share the highest revision '0'; latest is ambiguous
21339,4391WPR0093,4391-WPR-0093,TL-0538,,0,0,IFI,IFI,NUMERIC,0,0,False,EXCEPTION,NOT_MATCHED,,AMBIGUOUS_TOP_REVISION,WEEKLY PROGRESS REPORT-0093 WPR (08 MAY 26 TO 15 MAY 26),WPR,TEB,2026-05-14 00:00:00,-,False,True,2 rows share the highest revision '0'; latest is ambiguous
21361,MEDGULFTLXXXX,Medgulf_TL_XXXX,152-01-Medgulf-VTL-0002,,,-,IFI,IFI,UNPARSEABLE,0,-1,False,EXCEPTION,NOT_MATCHED,,REV_EMPTY,027630-03-26-SAFETY SHOWER (NAFFCO)-Proposal-2,GEN,TEB,2026-05-21 00:00:00,L,False,True,revision '-' could not be parsed (REV_EMPTY)
21363,4391WPR0094,4391-WPR-0094,TL-0540,,0,0,IFI,IFI,NUMERIC,0,0,False,EXCEPTION,NOT_MATCHED,,AMBIGUOUS_TOP_REVISION,WEEKLY PROGRESS REPORT - 0094 WPR (16 MAY 26 TO 21 MAY 26),WPR,TEB,2026-05-21 00:00:00,,False,True,2 rows share the highest revision '0'; latest is ambiguous
21391,4391WPR0095,4391-WPR-0095,TL-0542,,0,0,IFI,IFI,NUMERIC,0,0,False,EXCEPTION,NOT_MATCHED,,AMBIGUOUS_TOP_REVISION,WEEKLY PROGRESS REPORT - 0095 WPR (22 MAY 26 TO 28 MAY 26),WPR,TEB,2026-05-31 00:00:00,,False,True,2 rows share the highest revision '0'; latest is ambiguous
21458,4391WPR0096,4391-WPR-0096,TL-0547,,0,0,IFI,IFI,NUMERIC,0,0,False,EXCEPTION,NOT_MATCHED,,AMBIGUOUS_TOP_REVISION,WEEKLY PROGRESS REPORT - 0096 WPR (29 MAY 26 TO 04 JUNE 26),WPR-TEB,TEB,2026-06-07 00:00:00,,False,True,2 rows share the highest revision '0'; latest is ambiguous
21526,4391WPR0097,4391-WPR-0097,TL-0551,,0,0,IFI,IFI,NUMERIC,0,0,False,EXCEPTION,NOT_MATCHED,,AMBIGUOUS_TOP_REVISION,WEEKLY PROGRESS REPORT - 0097 WPR (05 JUN 26 TO 11 JUN 26),WPR-TEB,TEB,2026-06-14 00:00:00,,False,True,2 rows share the highest revision '0'; latest is ambiguous
21527,4391WPR0098,4391-WPR-0098,TL-0554,,0,0,IFI,IFI,NUMERIC,0,0,False,EXCEPTION,NOT_MATCHED,,AMBIGUOUS_TOP_REVISION,WEEKLY PROGRESS REPORT - 0098 WPR (12 JUN 26 TO 18 JUN 26),WPR-TEB,TEB,2026-06-18 00:00:00,,False,True,2 rows share the highest revision '0'; latest is ambiguous
21591,4391WPR0099,4391-WPR-0099,TL-0557,,0,0,IFI,IFI,NUMERIC,0,0,False,EXCEPTION,NOT_MATCHED,,AMBIGUOUS_TOP_REVISION,WEEKLY PROGRESS REPORT - 0099 WPR (19 JUN 26 TO 25 JUN 26),WPR-TEB,TEB,2026-06-25 00:00:00,,False,True,2 rows share the highest revision '0'; latest is ambiguous
21629,4391WPR0100,4391-WPR-0100,TL-0562,,0,0,IFI,IFI,NUMERIC,0,0,False,EXCEPTION,NOT_MATCHED,,AMBIGUOUS_TOP_REVISION,WEEKLY PROGRESS REPORT - 0100 WPR (26 JUN 26 TO 02 JUL 26),WPR-TEB,TEB,2026-07-04 00:00:00,,False,True,2 rows share the highest revision '0'; latest is ambiguous
